cohort,date,elapsed_day,n,n_dropout,breakthrough_rate,bt_ci_lo,bt_ci_hi,retention_rate,ret_ci_lo,ret_ci_hi,settle_rate
approach,2026-06-18,0,289,11,0.0,0.0,0.0,,,,
approach,2026-06-19,1,289,11,0.0,0.0,0.0,0.0,0.0,0.0,
approach,2026-06-20,2,289,11,0.0,0.0,0.0,0.0,0.0,0.0,
approach,2026-06-21,3,289,11,0.0,0.0,0.0,0.0,0.0,0.0,
approach,2026-06-22,4,289,11,0.0,0.0,0.0,0.0,0.0,0.0,
approach,2026-06-23,5,289,11,0.0,0.0,0.0,0.0,0.0,0.0,
approach,2026-06-24,6,289,11,0.0,0.0,0.0,0.0,0.0,0.0,
approach,2026-06-25,7,289,11,0.0,0.0,0.0,0.0,0.0,0.0,
approach,2026-06-26,8,289,11,0.0,0.0,0.0,0.03806228373702422,0.01730103806228374,0.06228373702422145,
approach,2026-06-27,9,289,11,0.0,0.0,0.0,0.0,0.0,0.0,
approach,2026-06-28,10,289,11,0.0,0.0,0.0,0.0,0.0,0.0,
approach,2026-06-29,11,289,11,0.0,0.0,0.0,0.0,0.0,0.0,
approach,2026-06-30,12,289,11,0.0,0.0,0.0,0.0,0.0,0.0,
approach,2026-07-01,13,289,11,0.0,0.0,0.0,0.0,0.0,0.0,
approach,2026-07-02,14,289,11,0.0,0.0,0.0,0.0,0.0,0.0,
approach,2026-07-03,15,289,11,0.0,0.0,0.0,0.0,0.0,0.0,
approach,2026-07-04,16,289,11,0.0,0.0,0.0,0.031141868512110725,0.01384083044982699,0.05190311418685121,
approach,2026-07-05,17,289,11,0.0,0.0,0.0,0.0,0.0,0.0,
approach,2026-07-06,18,289,11,0.0,0.0,0.0,0.0,0.0,0.0,
approach,2026-07-07,19,289,11,0.0,0.0,0.0,0.0,0.0,0.0,
approach,2026-07-08,20,289,11,0.0,0.0,0.0,0.0,0.0,0.0,
approach,2026-07-09,21,289,11,0.0,0.0,0.0,0.0,0.0,0.0,
approach,2026-07-10,22,289,11,0.0,0.0,0.0,0.0,0.0,0.0,
approach,2026-07-11,23,289,11,0.0,0.0,0.0,0.0,0.0,0.0,
approach,2026-07-12,24,289,11,0.0,0.0,0.0,0.02422145328719723,0.006920415224913495,0.04498269896193772,
approach,2026-07-13,25,289,11,0.0,0.0,0.0,0.0,0.0,0.0,
approach,2026-07-14,26,289,11,0.0,0.0,0.0,0.0,0.0,0.0,
approach,2026-07-15,27,289,11,0.0,0.0,0.0,0.0,0.0,0.0,
approach,2026-07-16,28,289,11,0.0,0.0,0.0,0.0,0.0,0.0,
approach,2026-07-17,29,289,11,0.0,0.0,0.0,0.0,0.0,0.0,
approach,2026-07-18,30,289,11,0.0,0.0,0.0,0.0,0.0,0.0,
approach,2026-07-19,31,289,11,0.0,0.0,0.0,0.0,0.0,0.0,
approach,2026-07-20,32,289,11,0.0,0.0,0.0,0.02422145328719723,0.006920415224913495,0.04498269896193772,
approach,2026-07-21,33,289,11,0.0034602076124567475,0.0,0.010380622837370242,0.0034602076124567475,0.0,0.010380622837370242,
approach,2026-07-22,34,289,11,0.0034602076124567475,0.0,0.010380622837370242,0.0,0.0,0.0,
at260,2026-06-18,0,772,26,0.0,0.0,0.0,,,,
at260,2026-06-19,1,772,26,0.0,0.0,0.0,0.0,0.0,0.0,
at260,2026-06-20,2,772,26,0.0012919896640826874,0.0,0.003875968992248062,0.0012919896640826874,0.0,0.003875968992248062,
at260,2026-06-21,3,772,26,0.0012919896640826874,0.0,0.003875968992248062,0.0,0.0,0.0,
at260,2026-06-22,4,772,26,0.0012919896640826874,0.0,0.003875968992248062,0.0,0.0,0.0,
at260,2026-06-23,5,772,26,0.0012919896640826874,0.0,0.003875968992248062,0.0,0.0,0.0,
at260,2026-06-24,6,772,26,0.0012919896640826874,0.0,0.003875968992248062,0.0,0.0,0.0,
at260,2026-06-25,7,772,26,0.0012919896640826874,0.0,0.003875968992248062,0.0,0.0,0.0,
at260,2026-06-26,8,772,26,0.0012919896640826874,0.0,0.003875968992248062,0.05813953488372093,0.04263565891472868,0.07493540051679587,
at260,2026-06-27,9,772,26,0.0012919896640826874,0.0,0.003875968992248062,0.0,0.0,0.0,
at260,2026-06-28,10,772,26,0.0012919896640826874,0.0,0.003875968992248062,0.0012919896640826874,0.0,0.003875968992248062,
at260,2026-06-29,11,772,26,0.0012919896640826874,0.0,0.003875968992248062,0.0,0.0,0.0,
at260,2026-06-30,12,773,26,0.0012919896640826874,0.0,0.003875968992248062,0.0,0.0,0.0,
at260,2026-07-01,13,773,26,0.0012919896640826874,0.0,0.003875968992248062,0.0,0.0,0.0,
at260,2026-07-02,14,773,26,0.0012919896640826874,0.0,0.003875968992248062,0.0,0.0,0.0,
at260,2026-07-03,15,773,26,0.0012919896640826874,0.0,0.003875968992248062,0.0,0.0,0.0,
at260,2026-07-04,16,773,26,0.0012919896640826874,0.0,0.003875968992248062,0.041343669250646,0.028423772609819122,0.05555555555555555,
at260,2026-07-05,17,773,26,0.0012919896640826874,0.0,0.003875968992248062,0.0,0.0,0.0,
at260,2026-07-06,18,773,26,0.0012919896640826874,0.0,0.003875968992248062,0.0,0.0,0.0,
at260,2026-07-07,19,774,26,0.0012919896640826874,0.0,0.003875968992248062,0.0,0.0,0.0,
at260,2026-07-08,20,774,26,0.0012919896640826874,0.0,0.003875968992248062,0.0,0.0,0.0,
at260,2026-07-09,21,774,26,0.0012919896640826874,0.0,0.003875968992248062,0.0,0.0,0.0,
at260,2026-07-10,22,774,26,0.0012919896640826874,0.0,0.003875968992248062,0.0,0.0,0.0,
at260,2026-07-11,23,774,26,0.0012919896640826874,0.0,0.003875968992248062,0.0,0.0,0.0,
at260,2026-07-12,24,774,26,0.002583979328165375,0.0,0.006459948320413436,0.046511627906976744,0.03229974160206718,0.06201550387596899,
at260,2026-07-13,25,774,26,0.002583979328165375,0.0,0.006459948320413436,0.0,0.0,0.0,
at260,2026-07-14,26,774,26,0.002583979328165375,0.0,0.006459948320413436,0.0012919896640826874,0.0,0.003875968992248062,
at260,2026-07-15,27,774,26,0.002583979328165375,0.0,0.006459948320413436,0.0012919896640826874,0.0,0.003875968992248062,
at260,2026-07-16,28,774,26,0.002583979328165375,0.0,0.006459948320413436,0.0,0.0,0.0,
at260,2026-07-17,29,774,26,0.002583979328165375,0.0,0.006459948320413436,0.0,0.0,0.0,
at260,2026-07-18,30,774,26,0.002583979328165375,0.0,0.006459948320413436,0.0012919896640826874,0.0,0.003875968992248062,
at260,2026-07-19,31,774,26,0.002583979328165375,0.0,0.006459948320413436,0.0012919896640826874,0.0,0.003875968992248062,
at260,2026-07-20,32,774,26,0.003875968992248062,0.0,0.00904392764857881,0.028423772609819122,0.016795865633074936,0.040051679586563305,
at260,2026-07-21,33,774,26,0.003875968992248062,0.0,0.00904392764857881,0.0012919896640826874,0.0,0.003875968992248062,
at260,2026-07-22,34,774,26,0.003875968992248062,0.0,0.00904392764857881,0.0,0.0,0.0,
past260,2026-06-18,0,283,16,,,,,,,0.2147887323943662
past260,2026-06-19,1,283,16,,,,0.0,0.0,0.0,0.2147887323943662
past260,2026-06-20,2,283,16,,,,0.0,0.0,0.0,0.2147887323943662
past260,2026-06-21,3,283,16,,,,0.0,0.0,0.0,0.2147887323943662
past260,2026-06-22,4,283,16,,,,0.0,0.0,0.0,0.2147887323943662
past260,2026-06-23,5,283,16,,,,0.0,0.0,0.0,0.2147887323943662
past260,2026-06-24,6,283,16,,,,0.0,0.0,0.0,0.2147887323943662
past260,2026-06-25,7,283,16,,,,0.0,0.0,0.0,0.2147887323943662
past260,2026-06-26,8,283,16,,,,0.1267605633802817,0.09154929577464789,0.16549295774647887,0.2147887323943662
past260,2026-06-27,9,283,16,,,,0.0,0.0,0.0,0.2147887323943662
past260,2026-06-28,10,283,16,,,,0.0,0.0,0.0,0.2147887323943662
past260,2026-06-29,11,283,16,,,,0.0,0.0,0.0,0.2147887323943662
past260,2026-06-30,12,283,16,,,,0.0,0.0,0.0,0.2147887323943662
past260,2026-07-01,13,283,16,,,,0.0,0.0,0.0,0.2147887323943662
past260,2026-07-02,14,283,16,,,,0.0,0.0,0.0,0.2147887323943662
past260,2026-07-03,15,283,16,,,,0.0,0.0,0.0,0.2147887323943662
past260,2026-07-04,16,283,16,,,,0.11619718309859155,0.08098591549295775,0.15492957746478872,0.2147887323943662
past260,2026-07-05,17,283,16,,,,0.0,0.0,0.0,0.2147887323943662
past260,2026-07-06,18,283,16,,,,0.0,0.0,0.0,0.2147887323943662
past260,2026-07-07,19,283,16,,,,0.0,0.0,0.0,0.2147887323943662
past260,2026-07-08,20,283,16,,,,0.0,0.0,0.0,0.2147887323943662
past260,2026-07-09,21,283,16,,,,0.0,0.0,0.0,0.2147887323943662
past260,2026-07-10,22,283,16,,,,0.0,0.0,0.0,0.2147887323943662
past260,2026-07-11,23,283,16,,,,0.0,0.0,0.0,0.2147887323943662
past260,2026-07-12,24,283,16,,,,0.11619718309859155,0.08098591549295775,0.15492957746478872,0.2147887323943662
past260,2026-07-13,25,283,16,,,,0.0,0.0,0.0,0.2147887323943662
past260,2026-07-14,26,283,16,,,,0.0,0.0,0.0,0.2147887323943662
past260,2026-07-15,27,283,16,,,,0.0,0.0,0.0,0.2147887323943662
past260,2026-07-16,28,283,16,,,,0.0,0.0,0.0,0.2147887323943662
past260,2026-07-17,29,283,16,,,,0.0,0.0,0.0,0.2147887323943662
past260,2026-07-18,30,283,16,,,,0.0,0.0,0.0,0.2147887323943662
past260,2026-07-19,31,283,16,,,,0.0035211267605633804,0.0,0.01056338028169014,0.2147887323943662
past260,2026-07-20,32,283,16,,,,0.08450704225352113,0.0528169014084507,0.11971830985915492,0.2147887323943662
past260,2026-07-21,33,283,16,,,,0.0035211267605633804,0.0,0.01056338028169014,0.2147887323943662
past260,2026-07-22,34,283,16,,,,0.0,0.0,0.0,0.2147887323943662
burnend,2026-06-18,0,295,4,,,,,,,0.6317567567567568
burnend,2026-06-19,1,295,4,,,,0.0,0.0,0.0,0.6317567567567568
burnend,2026-06-20,2,295,4,,,,0.0,0.0,0.0,0.6317567567567568
burnend,2026-06-21,3,295,4,,,,0.0,0.0,0.0,0.6317567567567568
burnend,2026-06-22,4,295,4,,,,0.0,0.0,0.0,0.6317567567567568
burnend,2026-06-23,5,295,4,,,,0.0,0.0,0.0,0.6317567567567568
burnend,2026-06-24,6,295,4,,,,0.0,0.0,0.0,0.6317567567567568
burnend,2026-06-25,7,295,4,,,,0.0,0.0,0.0,0.6317567567567568
burnend,2026-06-26,8,295,4,,,,0.5168918918918919,0.4594594594594595,0.5743243243243243,0.6317567567567568
burnend,2026-06-27,9,295,4,,,,0.0,0.0,0.0,0.6317567567567568
burnend,2026-06-28,10,295,4,,,,0.006756756756756757,0.0,0.016891891891891893,0.6317567567567568
burnend,2026-06-29,11,295,4,,,,0.0,0.0,0.0,0.6317567567567568
burnend,2026-06-30,12,295,4,,,,0.0,0.0,0.0,0.6317567567567568
burnend,2026-07-01,13,295,4,,,,0.0,0.0,0.0,0.6317567567567568
burnend,2026-07-02,14,295,4,,,,0.0033783783783783786,0.0,0.010135135135135136,0.6317567567567568
burnend,2026-07-03,15,295,4,,,,0.0,0.0,0.0,0.6317567567567568
burnend,2026-07-04,16,295,4,,,,0.49324324324324326,0.4358108108108108,0.5506756756756757,0.6317567567567568
burnend,2026-07-05,17,295,4,,,,0.010135135135135136,0.0,0.02364864864864865,0.6317567567567568
burnend,2026-07-06,18,295,4,,,,0.0,0.0,0.0,0.6317567567567568
burnend,2026-07-07,19,295,4,,,,0.006756756756756757,0.0,0.016891891891891893,0.6317567567567568
burnend,2026-07-08,20,295,4,,,,0.0,0.0,0.0,0.6317567567567568
burnend,2026-07-09,21,295,4,,,,0.0,0.0,0.0,0.6317567567567568
burnend,2026-07-10,22,295,4,,,,0.006756756756756757,0.0,0.016891891891891893,0.6317567567567568
burnend,2026-07-11,23,295,4,,,,0.0,0.0,0.0,0.6317567567567568
burnend,2026-07-12,24,295,4,,,,0.4391891891891892,0.38175675675675674,0.4966216216216216,0.6317567567567568
burnend,2026-07-13,25,296,4,,,,0.0033783783783783786,0.0,0.010135135135135136,0.6317567567567568
burnend,2026-07-14,26,296,4,,,,0.010135135135135136,0.0,0.02364864864864865,0.6317567567567568
burnend,2026-07-15,27,296,4,,,,0.0033783783783783786,0.0,0.010135135135135136,0.6317567567567568
burnend,2026-07-16,28,296,4,,,,0.006756756756756757,0.0,0.016891891891891893,0.6317567567567568
burnend,2026-07-17,29,296,4,,,,0.006756756756756757,0.0,0.016891891891891893,0.6317567567567568
burnend,2026-07-18,30,296,4,,,,0.0,0.0,0.0,0.6317567567567568
burnend,2026-07-19,31,296,4,,,,0.016891891891891893,0.0033783783783783786,0.033783783783783786,0.6317567567567568
burnend,2026-07-20,32,296,4,,,,0.3547297297297297,0.30067567567567566,0.40878378378378377,0.6317567567567568
burnend,2026-07-21,33,296,4,,,,0.0,0.0,0.0,0.6317567567567568
burnend,2026-07-22,34,296,4,,,,0.010135135135135136,0.0,0.02364864864864865,0.6317567567567568
