label,cohort,ocid,levels,start_level,total_growth,event_growth,between_growth,n_active_ge1,n_active_ge2,top1_share,top2_share,hhi,disp_entropy,conc_entropy,gap12
Persistent_cand,climb,547b6f2aa500f7d92a8224c18ef87d74,225|235|237|249|255|256,225,31,11,20,5,4,0.387,0.71,0.297,0.831,0.169,2
Persistent_cand,at260,749d0a2b099c6d3cb65218b02c1f4234,250|255|255|257|260|260,250,10,5,5,3,3,0.5,0.8,0.38,0.64,0.36,2
Persistent_cand,at260,a7bc11fed0e07ceb652a2f1148e932ffefe8d04e6d233bd35cf2fabdeb93fb0d,223|223|226|240|260|260,223,37,0,37,3,3,0.541,0.919,0.442,0.562,0.438,6
Persistent_cand,climb,db50a8916c2feaeb4fa8e4c6e55a7b3defe8d04e6d233bd35cf2fabdeb93fb0d,200|200|200|203|255|260,200,60,5,55,3,3,0.867,0.95,0.761,0.299,0.701,47
Persistent_cand,climb,cb101b65ee0e5bc06bf046ed1d47059e,220|220|220|235|255|260,220,40,5,35,3,3,0.5,0.875,0.406,0.605,0.395,5
Persistent_cand,climb,61668637c76b2fee59cf483e22c11dd9,230|234|236|243|256|260,230,30,8,22,5,5,0.433,0.667,0.282,0.882,0.118,6
Persistent_cand,climb,85892b7afd7c6caa422d8eea63e91438efe8d04e6d233bd35cf2fabdeb93fb0d,235|235|235|250|255|260,235,25,5,20,3,3,0.6,0.8,0.44,0.59,0.41,10
Persistent_cand,climb,28d97f8c4b9f673d366ec5776e874901,228|228|239|245|255|260,228,32,5,27,4,4,0.344,0.656,0.275,0.829,0.171,1
Persistent_cand,climb,69f23d1fd1e4f77b9e6cb77dcf3850ad,222|222|223|231|255|260,222,38,5,33,4,3,0.632,0.842,0.461,0.609,0.391,16
Persistent_cand,climb,911dc910e299fb5505bfc67e0c3108beefe8d04e6d233bd35cf2fabdeb93fb0d,215|215|218|219|255|259,215,44,4,40,4,3,0.818,0.909,0.683,0.405,0.595,32
Persistent_cand,burnend,43f924417d96951dd1dba6a4b3f8b154efe8d04e6d233bd35cf2fabdeb93fb0d,272|276|277|279|281|281,272,9,4,5,4,3,0.444,0.667,0.309,0.791,0.209,2
Persistent_cand,burnend,796b8c249be4a695b237f05e61ff374e,270|270|272|274|280|281,270,11,1,10,4,3,0.545,0.727,0.372,0.726,0.274,4
Persistent_cand,climb,3396ac20ee6b13736f581ef2ba97e4b2efe8d04e6d233bd35cf2fabdeb93fb0d,250|250|250|252|255|260,250,10,5,5,3,3,0.5,0.8,0.38,0.64,0.36,2
Persistent_cand,at260,31aef16daf069148c4ab036ec2ab68e7efe8d04e6d233bd35cf2fabdeb93fb0d,240|241|243|252|260|260,240,20,1,19,4,3,0.45,0.85,0.375,0.687,0.313,1
Persistent_cand,burnend,acfa0f288ed6ca09d34795660d6c4535,275|277|280|280|281|284,275,9,5,4,4,3,0.333,0.667,0.284,0.814,0.186,0
Persistent_cand,climb,4853c5be4037f04057294142febc30efefe8d04e6d233bd35cf2fabdeb93fb0d,161|200|200|218|256|260,161,99,43,56,4,4,0.394,0.778,0.337,0.73,0.27,1
Persistent_cand,at260,3ac483f377327b12cc309696f80171bf,232|232|237|250|260|260,232,28,0,28,3,3,0.464,0.821,0.375,0.641,0.359,3
Persistent_cand,climb,cbccd9d0dc57a582ccf81c409461b975efe8d04e6d233bd35cf2fabdeb93fb0d,233|233|240|250|255|257,233,24,2,22,4,4,0.417,0.708,0.309,0.782,0.218,3
Persistent_cand,climb,8442b4c1f5b02af57c4b61dc08e26400efe8d04e6d233bd35cf2fabdeb93fb0d,228|233|242|250|255|257,228,29,7,22,5,5,0.31,0.586,0.237,0.938,0.062,1
Persistent_cand,at260,832a06fc6060a90018dc3ee36a13764d,252|254|256|260|260|260,252,8,2,6,3,3,0.5,0.75,0.375,0.646,0.354,2
Persistent_cand,at260,a10f358027f7b1b5027e2fbde7f4f9e5,220|247|257|260|260|260,220,40,27,13,3,3,0.675,0.925,0.524,0.501,0.499,17
Persistent_cand,climb,f819509cff0bdac0ed52ee4dcc7057e5,205|205|235|250|255|260,205,55,5,50,4,4,0.545,0.818,0.388,0.696,0.304,15
Persistent_cand,climb,0e62f9864e0b18394c28256438c47a5b,201|248|250|250|255|256,201,55,48,7,4,3,0.855,0.945,0.74,0.339,0.661,42
Persistent_cand,past260,cfc2bb37c4e8dcf7100668e9bc090074efe8d04e6d233bd35cf2fabdeb93fb0d,204|240|260|260|262|264,204,60,38,22,4,4,0.6,0.933,0.473,0.559,0.441,16
Persistent_cand,burnend,64990f478b38d2be8978684908e2c19a,271|271|275|277|281|283,271,12,2,10,4,4,0.333,0.667,0.278,0.826,0.174,0
Persistent_cand,burnend,8ed238b5ea8e0978a2c36c780ecde49d,272|275|275|279|281|281,272,9,3,6,3,3,0.444,0.778,0.358,0.659,0.341,1
Persistent_cand,at260,3b4b7a38be1a4cdeab289b1af8cdb6a8efe8d04e6d233bd35cf2fabdeb93fb0d,230|255|257|260|260|260,230,30,25,5,3,3,0.833,0.933,0.709,0.35,0.65,22
Persistent_cand,at260,6d1535e43968392674b8adfe674b815f,220|226|229|245|260|260,220,40,6,34,4,4,0.4,0.775,0.329,0.754,0.246,1
Persistent_cand,climb,9c5f2f8d67c23852d45da9de103e365eefe8d04e6d233bd35cf2fabdeb93fb0d,220|220|220|232|255|260,220,40,5,35,3,3,0.575,0.875,0.436,0.584,0.416,11
Persistent_cand,climb,c65b789c8f6e4622171e14f115b643daefe8d04e6d233bd35cf2fabdeb93fb0d,206|206|211|242|255|260,206,54,5,49,4,4,0.574,0.815,0.405,0.685,0.315,18
Persistent_cand,climb,9a3b76c2ec169b5e6e8c4f0c096cf2b1efe8d04e6d233bd35cf2fabdeb93fb0d,231|241|246|250|255|260,231,29,15,14,5,5,0.345,0.517,0.227,0.963,0.037,5
Persistent_cand,climb,d658a1d898410d9343f0d3c0c4cb0987efe8d04e6d233bd35cf2fabdeb93fb0d,220|220|220|227|255|260,220,40,5,35,3,3,0.7,0.875,0.536,0.506,0.494,21
Persistent_cand,burnend,8197eeaf6241ff31c73878bf45d0a965,265|265|270|275|281|283,265,18,2,16,4,4,0.333,0.611,0.278,0.821,0.179,1
Persistent_cand,climb,7414e5aaedc601e8e7ef5a3beb9287d5,210|210|211|225|255|260,210,50,5,45,4,3,0.6,0.88,0.449,0.604,0.396,16
Persistent_cand,climb,736b4685e047f6f4ad79b5881861c7d1,204|204|204|210|255|260,204,56,5,51,3,3,0.804,0.911,0.665,0.392,0.608,39
Persistent_cand,climb,46f89255dba4d53a4d1d704d64a18049efe8d04e6d233bd35cf2fabdeb93fb0d,231|231|231|241|255|260,231,29,5,24,3,3,0.483,0.828,0.382,0.635,0.365,4
Persistent_cand,at260,8a2e84b80fe6905000e98192ef67970c,200|204|214|260|260|260,200,60,4,56,3,3,0.767,0.933,0.62,0.424,0.576,36
Persistent_cand,at260,2ab1d52dfb9a2b08a4b2876a570615b7,253|255|257|260|260|260,253,7,2,5,3,3,0.429,0.714,0.347,0.67,0.33,1
Persistent_cand,burnend,dc9e8579a19eddd613b717d71d43683b,270|273|275|278|281|283,270,13,5,8,5,5,0.231,0.462,0.207,0.989,0.011,0
Persistent_cand,burnend,d821168c54554f49655aec0b3766c96d,271|273|275|276|280|285,271,14,7,7,5,4,0.357,0.643,0.255,0.913,0.087,1
Persistent_cand,at260,29b96c5c104ebdc287fa638db2e5f56c,200|204|234|260|260|260,200,60,4,56,3,3,0.5,0.933,0.442,0.553,0.447,4
Persistent_cand,at260,740ac6e7aec65be19f83fa6aabd3bec5,230|232|232|241|260|260,230,30,2,28,3,3,0.633,0.933,0.496,0.516,0.484,10
Persistent_cand,burnend,e9846107fe71ed0edbac241f122a1037efe8d04e6d233bd35cf2fabdeb93fb0d,266|270|273|279|281|282,266,16,5,11,5,4,0.375,0.625,0.258,0.908,0.092,2
Persistent_cand,climb,980246ee30088f65a3049bc9d465a6a286e68d4012202d0434d05f81868f68e3,204|233|250|250|256|256,204,52,29,23,3,3,0.558,0.885,0.431,0.584,0.416,12
Persistent_cand,at260,3b0d0f682f1fcaa3221799be6ff0b198efe8d04e6d233bd35cf2fabdeb93fb0d,211|211|235|256|260|260,211,49,0,49,3,3,0.49,0.918,0.43,0.57,0.43,3
Persistent_cand,burnend,e75ce841e3435551d62926fa97ac2eae,273|275|275|275|281|284,273,11,5,6,3,3,0.545,0.818,0.405,0.618,0.382,3
Persistent_cand,climb,021d71c6c5fce78fcc38720dc5ff520a,214|214|225|225|255|260,214,46,5,41,3,3,0.652,0.891,0.494,0.536,0.464,19
Persistent_cand,climb,6bca448fe48ca75d1fece04eff4801e2,232|239|242|246|255|259,232,27,11,16,5,5,0.333,0.593,0.235,0.948,0.052,2
Persistent_cand,at260,6aae561357d4fec7ce1b834466533cbcefe8d04e6d233bd35cf2fabdeb93fb0d,233|233|235|245|260|260,233,27,0,27,3,3,0.556,0.926,0.451,0.551,0.449,5
Persistent_cand,at260,680adcb996a46a5e066515818a07d82d,218|220|220|241|260|260,218,42,2,40,3,3,0.5,0.952,0.457,0.528,0.472,2
Persistent_cand,at260,ce30e9957cb3fc25d2ba4f178103d41b,230|235|239|250|260|260,230,30,5,25,4,4,0.367,0.7,0.291,0.809,0.191,1
Persistent_cand,climb,e1867cbb6dea38527b6c1b9c5e1e2ba9,200|200|200|202|256|260,200,60,4,56,3,3,0.9,0.967,0.816,0.242,0.758,50
Persistent_cand,burnend,dd435ab7afe9c98fee5ed036b8782177,270|274|275|279|281|281,270,11,4,7,4,3,0.364,0.727,0.306,0.785,0.215,0
Persistent_cand,at260,40ee830dd76b647e0a614cfdc26fd3ffefe8d04e6d233bd35cf2fabdeb93fb0d,235|235|245|253|260|260,235,25,0,25,3,3,0.4,0.72,0.341,0.676,0.324,2
Persistent_cand,at260,0819c074134191d8a8d34603c42b2cc1efe8d04e6d233bd35cf2fabdeb93fb0d,229|253|258|258|260|260,229,31,24,7,3,3,0.774,0.935,0.63,0.416,0.584,19
Persistent_cand,climb,630bcdbe0858d96fc5ddda08bc14185d,220|220|220|235|256|260,220,40,4,36,3,3,0.525,0.9,0.426,0.582,0.418,6
Persistent_cand,burnend,b8fb991ac33bb357f17b911517b24a30efe8d04e6d233bd35cf2fabdeb93fb0d,265|271|275|277|281|281,265,16,6,10,4,4,0.375,0.625,0.281,0.821,0.179,2
Persistent_cand,climb,dbd82ad31c5f946c5968940797fc4fb0,228|230|230|236|256|262,228,34,8,26,4,4,0.588,0.765,0.412,0.678,0.322,14
Persistent_cand,past260,ab104888755f3eca685377541bca7f04,250|252|257|260|261|262,250,12,3,9,5,3,0.417,0.667,0.278,0.885,0.115,2
Persistent_cand,burnend,edeecb5bc4974dc8a8f61156de921ec7,270|275|277|280|281|282,270,12,6,6,5,3,0.417,0.667,0.278,0.885,0.115,2
Persistent_cand,at260,9aab4dd34ad974a974fa24bd593b351aefe8d04e6d233bd35cf2fabdeb93fb0d,220|225|250|250|260|260,220,40,5,35,3,3,0.625,0.875,0.469,0.559,0.441,15
Seasonal_Parker,burnend,a35f4d0b3c1f76de607cd275cd647e10,276|279|280|280|280|282,276,6,5,1,3,2,0.5,0.833,0.389,0.628,0.372,1
Seasonal_Parker,at260,aed59f313aca1957cce26cb72591dfc9,200|260|260|260|260|260,200,60,60,0,1,1,1.0,1.0,1.0,-0.0,1.0,60
Seasonal_Parker,burnend,c463d28a20e7e17a5a476039e2d10c16,273|279|280|280|281|284,273,11,9,2,4,2,0.545,0.818,0.388,0.696,0.304,3
Seasonal_Parker,past260,992c873304c93ecf38c80df9c3652bfa,215|262|262|262|262|262,215,47,47,0,1,1,1.0,1.0,1.0,-0.0,1.0,47
Seasonal_Parker,burnend,7e3780b4c672a5f03b4396997df1b4dc,277|281|281|281|281|281,277,4,4,0,1,1,1.0,1.0,1.0,-0.0,1.0,4
Seasonal_Parker,burnend,982dc7a6471454c31036731b5f85501eefe8d04e6d233bd35cf2fabdeb93fb0d,278|281|281|281|281|281,278,3,3,0,1,1,1.0,1.0,1.0,-0.0,1.0,3
Seasonal_Parker,at260,9f4cc7c9bc459a93e9b62d58436f0a07efe8d04e6d233bd35cf2fabdeb93fb0d,257|260|260|260|260|260,257,3,3,0,1,1,1.0,1.0,1.0,-0.0,1.0,3
Seasonal_Parker,climb,1214f332b95d0b753733d2bad3f76b1eefe8d04e6d233bd35cf2fabdeb93fb0d,140|255|255|255|255|256,140,116,116,0,2,1,0.991,1.0,0.983,0.031,0.969,114
Seasonal_Parker,past260,b99dd86bb08330a2b14eb92c972c2e11,250|261|262|262|262|265,250,15,14,1,3,2,0.733,0.933,0.582,0.453,0.547,8
Seasonal_Parker,at260,78e428db27a554c0141925a26623910e,255|260|260|260|260|260,255,5,5,0,1,1,1.0,1.0,1.0,-0.0,1.0,5
Seasonal_Parker,at260,cb07d788840dc65eaa2a1ad1835eb28e,225|260|260|260|260|260,225,35,35,0,1,1,1.0,1.0,1.0,-0.0,1.0,35
Seasonal_Parker,climb,98b23d2e2c7095f96a41d1c16ee97c1d,252|254|254|254|255|260,252,8,7,1,3,2,0.625,0.875,0.469,0.559,0.441,3
Seasonal_Parker,at260,f93fcef4cafecf97c145cb8396d6b46fefe8d04e6d233bd35cf2fabdeb93fb0d,255|260|260|260|260|260,255,5,5,0,1,1,1.0,1.0,1.0,-0.0,1.0,5
Seasonal_Parker,past260,97d54bdb81ca72e5ee04bb4fc470773286e68d4012202d0434d05f81868f68e3,261|261|261|262|262|276,261,15,14,1,2,1,0.933,1.0,0.876,0.152,0.848,13
Seasonal_Parker,at260,217de04fec9a7a81ac068a8b0af645c7,200|260|260|260|260|260,200,60,60,0,1,1,1.0,1.0,1.0,-0.0,1.0,60
Seasonal_Parker,burnend,d64d6a4ec16d606cd4a5eb8a42da3e78efe8d04e6d233bd35cf2fabdeb93fb0d,277|280|281|281|281|281,277,4,3,1,2,1,0.75,1.0,0.625,0.349,0.651,2
Seasonal_Parker,at260,452273f5d7978c3a0c2e4999cc5ed7d2efe8d04e6d233bd35cf2fabdeb93fb0d,200|260|260|260|260|260,200,60,60,0,1,1,1.0,1.0,1.0,-0.0,1.0,60
Seasonal_Parker,climb,740b9340e7b0e51ffa8efd68094df804,255|255|255|255|255|260,255,5,5,0,1,1,1.0,1.0,1.0,-0.0,1.0,5
Seasonal_Parker,burnend,e5ef0541ba5c1bebafcf4b4b1f34bc79,267|281|281|281|281|284,267,17,17,0,2,2,0.824,1.0,0.709,0.29,0.71,11
Seasonal_Parker,past260,22fa89d61007810fc5eb1a548a45f176,261|261|261|262|262|266,261,5,4,1,2,1,0.8,1.0,0.68,0.311,0.689,3
Seasonal_Parker,at260,6aa175852e53cf84803c974eee2b8dfcefe8d04e6d233bd35cf2fabdeb93fb0d,251|260|260|260|260|260,251,9,9,0,1,1,1.0,1.0,1.0,-0.0,1.0,9
Seasonal_Parker,at260,4718c9518becadd35feec18ffc60d265efe8d04e6d233bd35cf2fabdeb93fb0d,226|260|260|260|260|260,226,34,34,0,1,1,1.0,1.0,1.0,-0.0,1.0,34
Seasonal_Parker,past260,14adc9e51f502dd3a4414b66858e0edcefe8d04e6d233bd35cf2fabdeb93fb0d,250|262|262|262|262|262,250,12,12,0,1,1,1.0,1.0,1.0,-0.0,1.0,12
Seasonal_Parker,at260,1ec19129892f9b53d257cf4bbad35507,220|260|260|260|260|260,220,40,40,0,1,1,1.0,1.0,1.0,-0.0,1.0,40
Seasonal_Parker,at260,f13c3c02550fc375b7ab8f3aad57dfb086e68d4012202d0434d05f81868f68e3,255|260|260|260|260|260,255,5,5,0,1,1,1.0,1.0,1.0,-0.0,1.0,5
Seasonal_Parker,at260,84c02150731ba1e3e04f93afa3585f7aefe8d04e6d233bd35cf2fabdeb93fb0d,253|259|259|259|259|260,253,7,7,0,2,1,0.857,1.0,0.755,0.255,0.745,5
Seasonal_Parker,past260,5ba1821568da89325981c6f0019701e8,251|262|262|262|262|262,251,11,11,0,1,1,1.0,1.0,1.0,-0.0,1.0,11
Seasonal_Parker,burnend,be50c466d88e99674713904f4b85f29c,280|281|281|281|281|285,280,5,5,0,2,1,0.8,1.0,0.68,0.311,0.689,3
Seasonal_Parker,at260,e8b7789820542a49c5167858143b940aefe8d04e6d233bd35cf2fabdeb93fb0d,250|260|260|260|260|260,250,10,10,0,1,1,1.0,1.0,1.0,-0.0,1.0,10
Seasonal_Parker,at260,42a3870b8999c0537185ea6735549b26,230|260|260|260|260|260,230,30,30,0,1,1,1.0,1.0,1.0,-0.0,1.0,30
Seasonal_Parker,at260,39f9e29601953aa554df254cfea81665,260|260|260|260|260|264,260,4,4,0,1,1,1.0,1.0,1.0,-0.0,1.0,4
Seasonal_Parker,past260,6936fd4ca030970a5bd7003771a5c350,257|262|262|262|262|262,257,5,5,0,1,1,1.0,1.0,1.0,-0.0,1.0,5
Seasonal_Parker,at260,2eb9cc3de8dfdfe726934f0374e6d4e8,250|260|260|260|260|260,250,10,10,0,1,1,1.0,1.0,1.0,-0.0,1.0,10
Seasonal_Parker,at260,bd1cb4182521f3a97ab6810bc54bf8a3,255|260|260|260|260|260,255,5,5,0,1,1,1.0,1.0,1.0,-0.0,1.0,5
Seasonal_Parker,at260,df39ef07d6fe6534d6e2bf69673d56e4aae77432709819edb959e1fd5d1d77b4,255|260|260|260|260|260,255,5,5,0,1,1,1.0,1.0,1.0,-0.0,1.0,5
Seasonal_Parker,burnend,4f3b4b39c8ddd327b3b8a2b1e95eddde,277|281|281|281|281|281,277,4,4,0,1,1,1.0,1.0,1.0,-0.0,1.0,4
Seasonal_Parker,burnend,0fc562e3f41f92d8b7f6ac2d5835442e,277|278|279|280|280|283,277,6,4,2,4,1,0.5,0.667,0.333,0.772,0.228,2
Seasonal_Parker,at260,13c1c1bde2f14d9390a8a609c42bf4a1efe8d04e6d233bd35cf2fabdeb93fb0d,257|260|260|260|260|260,257,3,3,0,1,1,1.0,1.0,1.0,-0.0,1.0,3
Seasonal_Parker,at260,97fc2ac18172aa37d4237c0f61f68d2c,200|260|260|260|260|260,200,60,60,0,1,1,1.0,1.0,1.0,-0.0,1.0,60
Seasonal_Parker,at260,570f49e94180026039f437f0ebbaf22fefe8d04e6d233bd35cf2fabdeb93fb0d,200|260|260|260|260|260,200,60,60,0,1,1,1.0,1.0,1.0,-0.0,1.0,60
Seasonal_Parker,at260,12e0c83a92e607c8d73ab1844804a251,255|255|255|255|255|260,255,5,5,0,1,1,1.0,1.0,1.0,-0.0,1.0,5
Seasonal_Parker,burnend,7387135e644abecdd189b4057c90bf14,275|279|280|280|281|281,275,6,4,2,3,1,0.667,0.833,0.5,0.539,0.461,3
Seasonal_Parker,at260,dfb028c405e4befad50a3f8702d229ec,200|260|260|260|260|260,200,60,60,0,1,1,1.0,1.0,1.0,-0.0,1.0,60
Seasonal_Parker,at260,b8851d8f23b160b0c3c16b6ea75f0184,210|260|260|260|260|260,210,50,50,0,1,1,1.0,1.0,1.0,-0.0,1.0,50
Seasonal_Parker,at260,a472840cb695a4914723c54e3d27ce59,256|259|260|260|260|260,256,4,3,1,2,1,0.75,1.0,0.625,0.349,0.651,2
Seasonal_Parker,past260,be6accba01d5e7dae345661dfae21f07efe8d04e6d233bd35cf2fabdeb93fb0d,245|261|261|262|262|262,245,17,16,1,2,1,0.941,1.0,0.889,0.139,0.861,15
Seasonal_Parker,burnend,f15088071bf5822c489de5cb8e132c1defe8d04e6d233bd35cf2fabdeb93fb0d,275|280|280|281|281|281,275,6,5,1,2,1,0.833,1.0,0.722,0.28,0.72,4
Seasonal_Parker,burnend,e38b9f3a713f6293377bdba0fa7ab9ce,273|280|280|280|281|283,273,10,9,1,3,2,0.7,0.9,0.54,0.498,0.502,5
Seasonal_Parker,at260,6bad1e8cf7cf14ef7df1599bbe0b74e2efe8d04e6d233bd35cf2fabdeb93fb0d,240|260|260|260|260|260,240,20,20,0,1,1,1.0,1.0,1.0,-0.0,1.0,20
