ocid,provisional_label,cohort,lv_2025-06-12,lv_2025-09-24,lv_2025-12-12,lv_2026-03-15,lv_2026-06-12,lv_2026-09-02
fa39a2e4380717410f37ef5b714cbfdeefe8d04e6d233bd35cf2fabdeb93fb0d,Reactivated,at260,244,244,244,244,260,260
beda5d5ec1545edf9a4d8e38b4dceeb6,Reactivated,climb,210,210,210,210,253,260
eff975d64b85b79179cc4f90e8893421efe8d04e6d233bd35cf2fabdeb93fb0d,Reactivated,approach,215,215,215,215,251,251
985573f04f85b3501f50a356377c679886e68d4012202d0434d05f81868f68e3,Reactivated,at260,251,252,252,260,260,260
322e0c545d3eb91bf7f939b35dfc184befe8d04e6d233bd35cf2fabdeb93fb0d,Reactivated,at260,200,200,200,200,260,260
40628316b1c492bd5dd1387de1130400,Reactivated,approach,245,245,245,245,251,251
f7b147c43d7043c58db9a9fc8066adb7,Reactivated,at260,200,200,200,200,243,260
d947e36c1eeb2133c18c016536634ae1,Reactivated,climb,233,233,233,233,250,256
36e0e9412e52589137f36eacfc8d44dc,Reactivated,at260,251,251,251,251,259,260
fe69a223ce0c0e54b6fdf2dd416b77cd,Reactivated,at260,252,252,252,259,260,260
341f2f81f32bb8dc520fd820284c9c1a,Reactivated,at260,250,251,251,254,260,260
5de0123ac099e051170ba5ab77913739,Reactivated,burnend,267,267,267,267,281,281
7546ef4227f74639b2f8ea867c6b72d2efe8d04e6d233bd35cf2fabdeb93fb0d,Reactivated,approach,206,206,206,206,251,251
9aef3930d0c4bb12db2553fec19725c6,Reactivated,approach,233,233,233,233,251,251
305cfeffbf0e3cd3f77e03d3017accd3,Reactivated,approach,200,200,200,200,251,251
152b48e72916a0840bb94839b919a2d1,Reactivated,approach,210,210,210,210,251,251
8d122603cc2db91e6207422778417b75efe8d04e6d233bd35cf2fabdeb93fb0d,Reactivated,climb,204,204,205,209,254,260
ce8c0a13c18cb84e722ac0b9d5b5a277efe8d04e6d233bd35cf2fabdeb93fb0d,Reactivated,approach,211,211,211,211,251,251
f1afbe79a770af3761c7d59aca988668,Reactivated,at260,200,200,200,200,260,260
96e7bbfc1c831f81ebc6605710852de7,Reactivated,approach,200,200,200,200,251,251
261156f1c9847a1ba6771b705966e467efe8d04e6d233bd35cf2fabdeb93fb0d,Reactivated,burnend,275,275,275,275,281,283
4c52885860d4753445fe99fd1ebceddd,Reactivated,approach,202,202,202,202,251,251
8a2a7342bece01ae520075eeacfd7119efe8d04e6d233bd35cf2fabdeb93fb0d,Reactivated,climb,210,210,210,210,254,260
c61638b660fbc88a30311e9a9517428b,Reactivated,approach,200,200,200,205,251,251
2702d81aacaa6db01ac8b751e7b19467,Reactivated,approach,200,200,200,200,251,251
4fca895611997f23258575fb74970c4d,Reactivated,approach,211,211,211,211,246,251
4e235df4137784725e8dc78513357167,Reactivated,at260,250,250,250,250,260,260
3bfba48b518e5bb7247117742e759984,Reactivated,approach,200,200,200,200,251,251
915ee5bd5f66969a1e4f06fa715f2443,Reactivated,at260,225,225,225,225,260,260
b2510850189b6b332a241aa440682225,Reactivated,at260,250,250,250,250,260,260
968dcddc5d86513a350aab8d4d9140a4,Reactivated,climb,232,232,232,232,255,256
8e117feaa5120da881beeb39a48f0a1d,Reactivated,at260,250,250,250,254,260,260
a324ab06228cd71851def39f47053d15,Reactivated,approach,200,200,200,200,251,251
b22f12c94280f0e1016def1bc511eb86,Reactivated,at260,248,248,248,255,260,260
b9909455709349657c4ab24400262213,Reactivated,approach,200,200,200,200,251,251
9857c406022684cdab05dbb7e534fd9b,Reactivated,at260,208,208,208,208,223,260
1c85171c1258f89e8bece5d659dcff79,Reactivated,climb,252,252,252,252,255,267
107f521c149c8d1dce72ab4c05a7b4f7,Reactivated,climb,222,222,222,222,256,256
d42092067ce94e3fef8dc163ddefee64,Reactivated,approach,200,200,200,200,251,251
9e2f68e5cb73f579758e037ce040cb78,Reactivated,climb,250,250,250,250,256,260
b61dd0c09a684a225ac79f43c63df363efe8d04e6d233bd35cf2fabdeb93fb0d,Reactivated,approach,210,210,210,210,251,251
d71497b7485f3bc3bd6b9d6970c288a9,Reactivated,at260,235,235,236,241,260,260
3c905e938e84603bf78a5dfd8566cd4aefe8d04e6d233bd35cf2fabdeb93fb0d,Reactivated,climb,251,251,251,251,251,256
deac83da3ad038653b044abfa5ff4195,Reactivated,approach,220,220,220,220,251,251
cfc46ad7781122698e23b88dc57846c6,Reactivated,at260,245,245,245,245,260,260
5ebf5efb593c50faa97ae4d5498c8741efe8d04e6d233bd35cf2fabdeb93fb0d,Reactivated,approach,205,205,205,205,251,251
75870a6708e21dea0c4c4b6c07abd431,Reactivated,approach,200,200,200,200,251,251
d0ad15ef68ae8d071839d13db145ce61,Reactivated,climb,239,239,239,239,256,256
3d6a5b10cf24574c193aa6397f595e62,Reactivated,at260,218,218,218,253,260,260
5f619cfddc76c3d18efb7699c4ea5c95,Reactivated,at260,250,250,250,250,260,260
6ea1a4d9f78c78465d1429c9dd49c26886e68d4012202d0434d05f81868f68e3,Reactivated,at260,230,231,232,260,260,260
7c7755ca997a441de0c70264602ddb64,Reactivated,at260,223,223,223,260,260,260
0ee368e80ebb300bba62490aedbb89f84723574b05820acf03e7ec3162ff5bed,Reactivated,at260,245,245,245,245,260,260
aba231fdbe664aa914935b01fe006444,Reactivated,approach,200,200,200,200,251,251
9935b053eb8d9e8ff86241fd7e0f78dcefe8d04e6d233bd35cf2fabdeb93fb0d,Reactivated,climb,251,251,251,251,251,256
019b9c1293fd72d14c15318d479ac66e,Reactivated,climb,252,252,252,252,254,260
18d28330a87926123e8ec7480804f0fb,Reactivated,at260,211,211,211,215,260,260
3aa2b3e54842fe8959ef6b7bf5bff858efe8d04e6d233bd35cf2fabdeb93fb0d,Reactivated,climb,250,250,250,250,256,260
b780eb244f1558b504e3c3d714c9d696efe8d04e6d233bd35cf2fabdeb93fb0d,Reactivated,approach,222,222,222,222,251,251
8c22c0718d29c49a35840b47888fcab3efe8d04e6d233bd35cf2fabdeb93fb0d,Reactivated,climb,251,251,251,251,255,260
564ef91ab28becc884e6457f9ca16ce0,Reactivated,at260,223,223,223,223,260,260
605f4a118947a153ad145459d118209f,Reactivated,at260,215,215,215,215,260,260
70767ecf7c83ef5cf992a28e40a44e09,Reactivated,at260,250,250,250,253,260,260
43244b5c3237480729e5feadd94312e9efe8d04e6d233bd35cf2fabdeb93fb0d,Reactivated,climb,211,211,211,211,256,260
474b50bb515f88d5c081d3d0c423b7f6,Reactivated,at260,242,242,242,242,260,260
2ff7c4b52828039a111d85ee800b1b53,Reactivated,approach,205,205,205,205,251,251
67401d2eca73ba8dd6719e1cad1560e5,Reactivated,approach,210,210,210,210,251,251
afc54144137f5bba7ea0fe16e91574a7,Reactivated,climb,251,251,251,251,256,256
05744da4d25f8ded7db91c553c174a80efe8d04e6d233bd35cf2fabdeb93fb0d,Reactivated,at260,242,242,242,242,260,260
2eb44bb805a9231b95e48eb01006d50b,Reactivated,approach,209,209,209,209,251,251
22997fd66675e6301529a0933aafd70f,event_period_new,past260,,,,,262,262
8e296050312b9da2be6c511e7267aa00,event_period_new,past260,,260,262,262,262,277
efed4bdca099185b6fb399e8e64464f8,event_period_new,climb,,,236,250,254,260
685fa4e191b5eac5dfa2c7f14daaaefd,event_period_new,burnend,,281,281,281,281,281
1f90699019ce76c8d03973dcba1a0ab9,event_period_new,past260,,260,260,262,262,262
e3883a48a4174b566c644b4a6aabb791,event_period_new,burnend,,281,281,281,281,281
23c24b91787501cb8f38b861ef954724,event_period_new,approach,,,,,251,251
a7bf2099e0c75d5298040be62d0bcf2defe8d04e6d233bd35cf2fabdeb93fb0d,event_period_new,at260,,,260,260,260,278
6d978b338ef9a295bd0430c1b5367853efe8d04e6d233bd35cf2fabdeb93fb0d,event_period_new,past260,,,,261,262,262
3b5b09a50e30828c3e44fd25b6d831a7,event_period_new,climb,,240,240,240,256,256
05c7bd6a8c27a99ee6365c90178b8ac7,event_period_new,burnend,,,281,281,281,281
6ff07b813a897b3b3a0eda6c01aaeb4e,event_period_new,climb,,,,,256,256
783b3d264c9d11c5e2ad8bca16109c80,event_period_new,burnend,,,,,281,281
8536039595a783d9da2c070ae91b8607efe8d04e6d233bd35cf2fabdeb93fb0d,event_period_new,burnend,,280,281,281,281,281
96bda04cfffa2c9aee37f8a07abd829defe8d04e6d233bd35cf2fabdeb93fb0d,event_period_new,at260,,,,,,260
68f6f08f2db0fdb966e3d6ff1582efe1,event_period_new,burnend,,,278,280,281,281
3a0b909d35bbb0fdef5fe0c7a87e66be,event_period_new,at260,,,260,260,260,260
e6edaa2feef4e15d350902d139b4d601,event_period_new,past260,,,262,262,262,262
bec0f7c453d589ab69a294e926314d83efe8d04e6d233bd35cf2fabdeb93fb0d,event_period_new,burnend,,281,281,281,281,281
130298362394149ba88de76af6c6fe70,event_period_new,climb,,,255,255,256,256
c01fcc7dee9892b5a06f57ad4409ec26,event_period_new,at260,,,260,260,260,260
ada9c25850509c47e4277fe1ea7e0821,event_period_new,burnend,,,,271,281,281
c713b35f0eb40bcf0b51ae0ad9fffff8e85e07f9d5d276f44440847eec04ba68,event_period_new,past260,,,,255,262,262
e6baed67181d531851511b3e5080e28a86e68d4012202d0434d05f81868f68e3,event_period_new,burnend,,,,,281,281
5327d7d5d000f3b321e26e0034244a73efe8d04e6d233bd35cf2fabdeb93fb0d,event_period_new,burnend,,,,234,281,281
4ccd881a67b9074928707cf8f5a2263e,Dormant,at260,260,260,260,260,260,260
df14a27dafe56d2e899c597345fd1dafe85e07f9d5d276f44440847eec04ba68,Dormant,at260,260,260,260,260,260,260
3d37a0a336997f9c9ffa327c0fe903e5,Dormant,at260,260,260,260,260,260,260
93e084788d4c849a92354172b16277ba,Dormant,past260,262,262,262,262,262,262
c2794ac88499c283bda46f876d85592eefe8d04e6d233bd35cf2fabdeb93fb0d,Dormant,at260,260,260,260,260,260,260
696777d67fcdca152f17a780deba41818295750b1f4857867454debc45ec9c8a,Dormant,at260,260,260,260,260,260,260
f48df7a6108f689e82d399487a2b58e7,Dormant,at260,260,260,260,260,260,260
8b0ef0ce0dde07cc3bf76ae3835984fa,Dormant,at260,260,260,260,260,260,260
3d071f1d01071392b85d8492892da839,Dormant,at260,260,260,260,260,260,260
dc443be24282d000511ddf124fa953ee,Dormant,past260,262,262,262,262,262,262
575a8823e0354123f22d2256c0cdd7daefe8d04e6d233bd35cf2fabdeb93fb0d,Dormant,at260,260,260,260,260,260,260
857bd5cba59b2aff151abc4aae83c8abefe8d04e6d233bd35cf2fabdeb93fb0d,Dormant,past260,262,262,262,262,262,262
ee4ccfc3c47d14f6112683a0d8da8779,Dormant,burnend,281,281,281,281,281,281
feca665b17d703e02977c4094b7d2f0d,Dormant,past260,262,262,262,262,262,262
9bfa151ffc8956e229f7760b44893598,Dormant,at260,260,260,260,260,260,260
2986918ec5941d45ccdeda7f3d3e1aa3,Dormant,burnend,281,281,281,281,281,281
5911aa210af938beed389ffffa9d41f2,Dormant,past260,262,262,262,262,262,262
f4101031a0d9101305fa1dda72834c85,Dormant,at260,260,260,260,260,260,260
c1621ae7e7e584e6c9e43336394978a5,Dormant,at260,260,260,260,260,260,260
c461e510599c044e02ed8d91de6a5bc6,Dormant,past260,262,262,262,262,262,262
dfa241c42fbd49ea77dc633f46a5c711,Dormant,at260,260,260,260,260,260,260
25d5d8c84c61d4c501b18f2f403dfa6fefe8d04e6d233bd35cf2fabdeb93fb0d,Dormant,at260,260,260,260,260,260,260
7c76f46ce3dd0d0aebb056a9779b7e5b,Dormant,past260,262,262,262,262,262,262
dd0270fbd5b818c12fbc40a6f324226afd842dab14be2a956555625b37c97bff,Dormant,at260,260,260,260,260,260,260
f097cf9778b1f8835f6ae5314a984994efe8d04e6d233bd35cf2fabdeb93fb0d,Dormant,past260,262,262,262,262,262,262
7b573dd438474e9c5654664e0da8ab2c,Dormant,at260,260,260,260,260,260,260
b96bb8a982ea95436bd48e616e0ab035efe8d04e6d233bd35cf2fabdeb93fb0d,Dormant,at260,260,260,260,260,260,260
5dcd56636e533af97f36715a20357601,Dormant,at260,260,260,260,260,260,260
64633f4b10c856967380f29674942d466fbb98200a15be5bcc73a64995849e9c,Dormant,past260,262,262,262,262,262,262
f36691fe94cf53d7b7ad465eb89d7a0aefe8d04e6d233bd35cf2fabdeb93fb0d,Dormant,at260,260,260,260,260,260,260
ba98fe3f00c71f34da4438bd51fd6d58efe8d04e6d233bd35cf2fabdeb93fb0d,Dormant,at260,260,260,260,260,260,260
a4bb192104f948b51620a33dae310581efe8d04e6d233bd35cf2fabdeb93fb0d,Dormant,at260,260,260,260,260,260,260
33b6258cfe2406701c39df7004eae5e0,Dormant,at260,260,260,260,260,260,260
e488805a70171e287e54736142ed6470,Dormant,at260,260,260,260,260,260,260
f6c544631c36a78d58c5518d9c59178c,Dormant,at260,260,260,260,260,260,260
642d8543a4aeee978fdd382065690adfefe8d04e6d233bd35cf2fabdeb93fb0d,Dormant,past260,262,262,262,262,262,262
3f4955952bdc19e49240af78f52f2086,Dormant,past260,262,262,262,262,262,262
84a4342a7a66c9101d26575fdc22ab58efe8d04e6d233bd35cf2fabdeb93fb0d,Dormant,at260,260,260,260,260,260,260
cd837f6ee3ece1300a75e6d48f716561,Dormant,at260,260,260,260,260,260,260
b589691edfc3bcd4053fce4a5fbc1c1d8295750b1f4857867454debc45ec9c8a,Dormant,at260,260,260,260,260,260,260
b80f96f8d00be8363e3f6c64d2b89e6defe8d04e6d233bd35cf2fabdeb93fb0d,Dormant,at260,260,260,260,260,260,260
3632d1f5628c1f9e1222b955a1943d54,Dormant,at260,260,260,260,260,260,260
8fea030ca17edc6fc8cc5ea6a788eb5a,Dormant,at260,260,260,260,260,260,260
c0513258d756d8558d46989f9d04c096,Dormant,past260,262,262,262,262,262,262
1c928c2b422c856c9299466ae78bb20fefe8d04e6d233bd35cf2fabdeb93fb0d,Dormant,at260,260,260,260,260,260,260
67feb1b2e8a9d24bb0ef94009b8fc9c3,Dormant,past260,262,262,262,262,262,262
ddddadbb315795044e0e0b6002cd2c54,Dormant,at260,260,260,260,260,260,260
e55cd7ef4a443589d3cc2f343e1d38f3efe8d04e6d233bd35cf2fabdeb93fb0d,Dormant,past260,262,262,262,262,262,262
1b2d5fc62e47cc1e1a7bb513870c6cc7,Dormant,at260,260,260,260,260,260,260
32b5cc2614e75c737d2f17c1150fbabeefe8d04e6d233bd35cf2fabdeb93fb0d,Dormant,burnend,281,281,281,281,281,281
276cf75a803003f6413fe9a059723566efe8d04e6d233bd35cf2fabdeb93fb0d,Dormant,at260,260,260,260,260,260,260
bac4668bc5333ebabff74395e2da3dd6,Dormant,at260,260,260,260,260,260,260
8dd32047492e876fc65a64d8acab845b,Dormant,at260,260,260,260,260,260,260
9704723d6d97c5552d90167743741f98efe8d04e6d233bd35cf2fabdeb93fb0d,Dormant,at260,260,260,260,260,260,260
510aeeafbbfca436f176f15450cb9ae5,Dormant,at260,260,260,260,260,260,260
75980277e4b27b4d36f053ada6f175a7,Dormant,at260,260,260,260,260,260,260
5de441c2df15fd7b268a7f0f2943919c,Dormant,at260,260,260,260,260,260,260
4b714db7594554bd8374f3418b7c660e8295750b1f4857867454debc45ec9c8a,Dormant,at260,260,260,260,260,260,260
0c094a88d5308b53f9513616a6bb1cac,Dormant,burnend,281,281,281,281,281,281
ff1b235f8f4f822f6223de3201f74753efe8d04e6d233bd35cf2fabdeb93fb0d,Dormant,at260,260,260,260,260,260,260
3a68623d1c6913acc7937cac4a439fb6,Dormant,at260,260,260,260,260,260,260
d44387cfcb48ec7bbf0dce34375f83c1,Dormant,at260,260,260,260,260,260,260
e8c9b6e7072bc6cf35e42f8fe3aa5620,Dormant,past260,262,262,262,262,262,262
da068fb8f2cf155df12515fd5787510defe8d04e6d233bd35cf2fabdeb93fb0d,Dormant,at260,260,260,260,260,260,260
6b1a14be4380cf7d778517123b0ca0cd,Dormant,past260,262,262,262,262,262,262
d7fe0f188972043ccbfef65642f05145,Dormant,at260,260,260,260,260,260,260
6ea4d16bdd8473d29f18ca2381723b48,Dormant,past260,262,262,262,262,262,262
906beefdefdb6d78470d8d681faeb4d1efe8d04e6d233bd35cf2fabdeb93fb0d,Dormant,at260,260,260,260,260,260,260
c0f3858312e3e4d9f70707261d51cc1ee85e07f9d5d276f44440847eec04ba68,Dormant,past260,262,262,262,262,262,262
6dc5720299cd1a94bd54282434bf1ff1,Dormant,at260,260,260,260,260,260,260
46a712ed1759e522b8d678025d294fc4efe8d04e6d233bd35cf2fabdeb93fb0d,Dormant,at260,260,260,260,260,260,260
6601d0a23b78446ffdaaf372e9f2ddda,Dormant,at260,260,260,260,260,260,260
4e56f66b5835028fb37686ab0c8c5d83,Dormant,at260,260,260,260,260,260,260
f6ebfb751618dc1683a17d2a82f895fb,Dormant,at260,260,260,260,260,260,260
c2c2b964159dc46cf6bf88211b3b9a5b,Dormant,at260,260,260,260,260,260,260
f0b48b57ab7b02a598854c00473e3117,Dormant,at260,260,260,260,260,260,260
92258573b64d3d0922fb106f9dccbbc2efe8d04e6d233bd35cf2fabdeb93fb0d,Dormant,burnend,281,281,281,281,281,281
95fd5bf06a4f67d1f71b813276158b2da2186d8e7cf7a6ee152d97cc78f2ae8b,Dormant,burnend,281,281,281,281,281,281
3d20d65286bea4141b2ace581fd81645,Dormant,at260,260,260,260,260,260,260
ee45efa190e409cecd3bd5042c7b585befe8d04e6d233bd35cf2fabdeb93fb0d,Dormant,past260,262,262,262,262,262,262
547b6f2aa500f7d92a8224c18ef87d74,Persistent_cand,climb,225,235,237,249,255,256
749d0a2b099c6d3cb65218b02c1f4234,Persistent_cand,at260,250,255,255,257,260,260
a7bc11fed0e07ceb652a2f1148e932ffefe8d04e6d233bd35cf2fabdeb93fb0d,Persistent_cand,at260,223,223,226,240,260,260
db50a8916c2feaeb4fa8e4c6e55a7b3defe8d04e6d233bd35cf2fabdeb93fb0d,Persistent_cand,climb,200,200,200,203,255,260
cb101b65ee0e5bc06bf046ed1d47059e,Persistent_cand,climb,220,220,220,235,255,260
61668637c76b2fee59cf483e22c11dd9,Persistent_cand,climb,230,234,236,243,256,260
85892b7afd7c6caa422d8eea63e91438efe8d04e6d233bd35cf2fabdeb93fb0d,Persistent_cand,climb,235,235,235,250,255,260
28d97f8c4b9f673d366ec5776e874901,Persistent_cand,climb,228,228,239,245,255,260
69f23d1fd1e4f77b9e6cb77dcf3850ad,Persistent_cand,climb,222,222,223,231,255,260
911dc910e299fb5505bfc67e0c3108beefe8d04e6d233bd35cf2fabdeb93fb0d,Persistent_cand,climb,215,215,218,219,255,259
43f924417d96951dd1dba6a4b3f8b154efe8d04e6d233bd35cf2fabdeb93fb0d,Persistent_cand,burnend,272,276,277,279,281,281
796b8c249be4a695b237f05e61ff374e,Persistent_cand,burnend,270,270,272,274,280,281
3396ac20ee6b13736f581ef2ba97e4b2efe8d04e6d233bd35cf2fabdeb93fb0d,Persistent_cand,climb,250,250,250,252,255,260
31aef16daf069148c4ab036ec2ab68e7efe8d04e6d233bd35cf2fabdeb93fb0d,Persistent_cand,at260,240,241,243,252,260,260
acfa0f288ed6ca09d34795660d6c4535,Persistent_cand,burnend,275,277,280,280,281,284
4853c5be4037f04057294142febc30efefe8d04e6d233bd35cf2fabdeb93fb0d,Persistent_cand,climb,161,200,200,218,256,260
3ac483f377327b12cc309696f80171bf,Persistent_cand,at260,232,232,237,250,260,260
cbccd9d0dc57a582ccf81c409461b975efe8d04e6d233bd35cf2fabdeb93fb0d,Persistent_cand,climb,233,233,240,250,255,257
8442b4c1f5b02af57c4b61dc08e26400efe8d04e6d233bd35cf2fabdeb93fb0d,Persistent_cand,climb,228,233,242,250,255,257
832a06fc6060a90018dc3ee36a13764d,Persistent_cand,at260,252,254,256,260,260,260
a10f358027f7b1b5027e2fbde7f4f9e5,Persistent_cand,at260,220,247,257,260,260,260
f819509cff0bdac0ed52ee4dcc7057e5,Persistent_cand,climb,205,205,235,250,255,260
0e62f9864e0b18394c28256438c47a5b,Persistent_cand,climb,201,248,250,250,255,256
cfc2bb37c4e8dcf7100668e9bc090074efe8d04e6d233bd35cf2fabdeb93fb0d,Persistent_cand,past260,204,240,260,260,262,264
64990f478b38d2be8978684908e2c19a,Persistent_cand,burnend,271,271,275,277,281,283
8ed238b5ea8e0978a2c36c780ecde49d,Persistent_cand,burnend,272,275,275,279,281,281
3b4b7a38be1a4cdeab289b1af8cdb6a8efe8d04e6d233bd35cf2fabdeb93fb0d,Persistent_cand,at260,230,255,257,260,260,260
6d1535e43968392674b8adfe674b815f,Persistent_cand,at260,220,226,229,245,260,260
9c5f2f8d67c23852d45da9de103e365eefe8d04e6d233bd35cf2fabdeb93fb0d,Persistent_cand,climb,220,220,220,232,255,260
c65b789c8f6e4622171e14f115b643daefe8d04e6d233bd35cf2fabdeb93fb0d,Persistent_cand,climb,206,206,211,242,255,260
9a3b76c2ec169b5e6e8c4f0c096cf2b1efe8d04e6d233bd35cf2fabdeb93fb0d,Persistent_cand,climb,231,241,246,250,255,260
d658a1d898410d9343f0d3c0c4cb0987efe8d04e6d233bd35cf2fabdeb93fb0d,Persistent_cand,climb,220,220,220,227,255,260
8197eeaf6241ff31c73878bf45d0a965,Persistent_cand,burnend,265,265,270,275,281,283
7414e5aaedc601e8e7ef5a3beb9287d5,Persistent_cand,climb,210,210,211,225,255,260
736b4685e047f6f4ad79b5881861c7d1,Persistent_cand,climb,204,204,204,210,255,260
46f89255dba4d53a4d1d704d64a18049efe8d04e6d233bd35cf2fabdeb93fb0d,Persistent_cand,climb,231,231,231,241,255,260
8a2e84b80fe6905000e98192ef67970c,Persistent_cand,at260,200,204,214,260,260,260
2ab1d52dfb9a2b08a4b2876a570615b7,Persistent_cand,at260,253,255,257,260,260,260
dc9e8579a19eddd613b717d71d43683b,Persistent_cand,burnend,270,273,275,278,281,283
d821168c54554f49655aec0b3766c96d,Persistent_cand,burnend,271,273,275,276,280,285
29b96c5c104ebdc287fa638db2e5f56c,Persistent_cand,at260,200,204,234,260,260,260
740ac6e7aec65be19f83fa6aabd3bec5,Persistent_cand,at260,230,232,232,241,260,260
e9846107fe71ed0edbac241f122a1037efe8d04e6d233bd35cf2fabdeb93fb0d,Persistent_cand,burnend,266,270,273,279,281,282
980246ee30088f65a3049bc9d465a6a286e68d4012202d0434d05f81868f68e3,Persistent_cand,climb,204,233,250,250,256,256
3b0d0f682f1fcaa3221799be6ff0b198efe8d04e6d233bd35cf2fabdeb93fb0d,Persistent_cand,at260,211,211,235,256,260,260
e75ce841e3435551d62926fa97ac2eae,Persistent_cand,burnend,273,275,275,275,281,284
021d71c6c5fce78fcc38720dc5ff520a,Persistent_cand,climb,214,214,225,225,255,260
6bca448fe48ca75d1fece04eff4801e2,Persistent_cand,climb,232,239,242,246,255,259
6aae561357d4fec7ce1b834466533cbcefe8d04e6d233bd35cf2fabdeb93fb0d,Persistent_cand,at260,233,233,235,245,260,260
680adcb996a46a5e066515818a07d82d,Persistent_cand,at260,218,220,220,241,260,260
ce30e9957cb3fc25d2ba4f178103d41b,Persistent_cand,at260,230,235,239,250,260,260
e1867cbb6dea38527b6c1b9c5e1e2ba9,Persistent_cand,climb,200,200,200,202,256,260
dd435ab7afe9c98fee5ed036b8782177,Persistent_cand,burnend,270,274,275,279,281,281
40ee830dd76b647e0a614cfdc26fd3ffefe8d04e6d233bd35cf2fabdeb93fb0d,Persistent_cand,at260,235,235,245,253,260,260
0819c074134191d8a8d34603c42b2cc1efe8d04e6d233bd35cf2fabdeb93fb0d,Persistent_cand,at260,229,253,258,258,260,260
630bcdbe0858d96fc5ddda08bc14185d,Persistent_cand,climb,220,220,220,235,256,260
b8fb991ac33bb357f17b911517b24a30efe8d04e6d233bd35cf2fabdeb93fb0d,Persistent_cand,burnend,265,271,275,277,281,281
dbd82ad31c5f946c5968940797fc4fb0,Persistent_cand,climb,228,230,230,236,256,262
ab104888755f3eca685377541bca7f04,Persistent_cand,past260,250,252,257,260,261,262
edeecb5bc4974dc8a8f61156de921ec7,Persistent_cand,burnend,270,275,277,280,281,282
9aab4dd34ad974a974fa24bd593b351aefe8d04e6d233bd35cf2fabdeb93fb0d,Persistent_cand,at260,220,225,250,250,260,260
a35f4d0b3c1f76de607cd275cd647e10,Seasonal_Parker,burnend,276,279,280,280,280,282
aed59f313aca1957cce26cb72591dfc9,Seasonal_Parker,at260,200,260,260,260,260,260
c463d28a20e7e17a5a476039e2d10c16,Seasonal_Parker,burnend,273,279,280,280,281,284
992c873304c93ecf38c80df9c3652bfa,Seasonal_Parker,past260,215,262,262,262,262,262
7e3780b4c672a5f03b4396997df1b4dc,Seasonal_Parker,burnend,277,281,281,281,281,281
982dc7a6471454c31036731b5f85501eefe8d04e6d233bd35cf2fabdeb93fb0d,Seasonal_Parker,burnend,278,281,281,281,281,281
9f4cc7c9bc459a93e9b62d58436f0a07efe8d04e6d233bd35cf2fabdeb93fb0d,Seasonal_Parker,at260,257,260,260,260,260,260
1214f332b95d0b753733d2bad3f76b1eefe8d04e6d233bd35cf2fabdeb93fb0d,Seasonal_Parker,climb,140,255,255,255,255,256
b99dd86bb08330a2b14eb92c972c2e11,Seasonal_Parker,past260,250,261,262,262,262,265
78e428db27a554c0141925a26623910e,Seasonal_Parker,at260,255,260,260,260,260,260
cb07d788840dc65eaa2a1ad1835eb28e,Seasonal_Parker,at260,225,260,260,260,260,260
98b23d2e2c7095f96a41d1c16ee97c1d,Seasonal_Parker,climb,252,254,254,254,255,260
f93fcef4cafecf97c145cb8396d6b46fefe8d04e6d233bd35cf2fabdeb93fb0d,Seasonal_Parker,at260,255,260,260,260,260,260
97d54bdb81ca72e5ee04bb4fc470773286e68d4012202d0434d05f81868f68e3,Seasonal_Parker,past260,261,261,261,262,262,276
217de04fec9a7a81ac068a8b0af645c7,Seasonal_Parker,at260,200,260,260,260,260,260
d64d6a4ec16d606cd4a5eb8a42da3e78efe8d04e6d233bd35cf2fabdeb93fb0d,Seasonal_Parker,burnend,277,280,281,281,281,281
452273f5d7978c3a0c2e4999cc5ed7d2efe8d04e6d233bd35cf2fabdeb93fb0d,Seasonal_Parker,at260,200,260,260,260,260,260
740b9340e7b0e51ffa8efd68094df804,Seasonal_Parker,climb,255,255,255,255,255,260
e5ef0541ba5c1bebafcf4b4b1f34bc79,Seasonal_Parker,burnend,267,281,281,281,281,284
22fa89d61007810fc5eb1a548a45f176,Seasonal_Parker,past260,261,261,261,262,262,266
6aa175852e53cf84803c974eee2b8dfcefe8d04e6d233bd35cf2fabdeb93fb0d,Seasonal_Parker,at260,251,260,260,260,260,260
4718c9518becadd35feec18ffc60d265efe8d04e6d233bd35cf2fabdeb93fb0d,Seasonal_Parker,at260,226,260,260,260,260,260
14adc9e51f502dd3a4414b66858e0edcefe8d04e6d233bd35cf2fabdeb93fb0d,Seasonal_Parker,past260,250,262,262,262,262,262
1ec19129892f9b53d257cf4bbad35507,Seasonal_Parker,at260,220,260,260,260,260,260
f13c3c02550fc375b7ab8f3aad57dfb086e68d4012202d0434d05f81868f68e3,Seasonal_Parker,at260,255,260,260,260,260,260
84c02150731ba1e3e04f93afa3585f7aefe8d04e6d233bd35cf2fabdeb93fb0d,Seasonal_Parker,at260,253,259,259,259,259,260
5ba1821568da89325981c6f0019701e8,Seasonal_Parker,past260,251,262,262,262,262,262
be50c466d88e99674713904f4b85f29c,Seasonal_Parker,burnend,280,281,281,281,281,285
e8b7789820542a49c5167858143b940aefe8d04e6d233bd35cf2fabdeb93fb0d,Seasonal_Parker,at260,250,260,260,260,260,260
42a3870b8999c0537185ea6735549b26,Seasonal_Parker,at260,230,260,260,260,260,260
39f9e29601953aa554df254cfea81665,Seasonal_Parker,at260,260,260,260,260,260,264
6936fd4ca030970a5bd7003771a5c350,Seasonal_Parker,past260,257,262,262,262,262,262
2eb9cc3de8dfdfe726934f0374e6d4e8,Seasonal_Parker,at260,250,260,260,260,260,260
bd1cb4182521f3a97ab6810bc54bf8a3,Seasonal_Parker,at260,255,260,260,260,260,260
df39ef07d6fe6534d6e2bf69673d56e4aae77432709819edb959e1fd5d1d77b4,Seasonal_Parker,at260,255,260,260,260,260,260
4f3b4b39c8ddd327b3b8a2b1e95eddde,Seasonal_Parker,burnend,277,281,281,281,281,281
0fc562e3f41f92d8b7f6ac2d5835442e,Seasonal_Parker,burnend,277,278,279,280,280,283
13c1c1bde2f14d9390a8a609c42bf4a1efe8d04e6d233bd35cf2fabdeb93fb0d,Seasonal_Parker,at260,257,260,260,260,260,260
97fc2ac18172aa37d4237c0f61f68d2c,Seasonal_Parker,at260,200,260,260,260,260,260
570f49e94180026039f437f0ebbaf22fefe8d04e6d233bd35cf2fabdeb93fb0d,Seasonal_Parker,at260,200,260,260,260,260,260
12e0c83a92e607c8d73ab1844804a251,Seasonal_Parker,at260,255,255,255,255,255,260
7387135e644abecdd189b4057c90bf14,Seasonal_Parker,burnend,275,279,280,280,281,281
dfb028c405e4befad50a3f8702d229ec,Seasonal_Parker,at260,200,260,260,260,260,260
b8851d8f23b160b0c3c16b6ea75f0184,Seasonal_Parker,at260,210,260,260,260,260,260
a472840cb695a4914723c54e3d27ce59,Seasonal_Parker,at260,256,259,260,260,260,260
be6accba01d5e7dae345661dfae21f07efe8d04e6d233bd35cf2fabdeb93fb0d,Seasonal_Parker,past260,245,261,261,262,262,262
f15088071bf5822c489de5cb8e132c1defe8d04e6d233bd35cf2fabdeb93fb0d,Seasonal_Parker,burnend,275,280,280,281,281,281
e38b9f3a713f6293377bdba0fa7ab9ce,Seasonal_Parker,burnend,273,280,280,280,281,283
6bad1e8cf7cf14ef7df1599bbe0b74e2efe8d04e6d233bd35cf2fabdeb93fb0d,Seasonal_Parker,at260,240,260,260,260,260,260
