analysis_group,label,cohort,ocid,character_name,levels,start_level,end_level,total_growth,event_growth,between_growth,max_interval_growth,max_interval_seg,burst_ratio,std_interval,n_active_ge2,n_active_ge1,n_flat,n_intervals_known,seg0_assemble,seg4_overdrive,first_260_offset,exp_rate_at_260,obs_days_after_260,final_exp_rate,cp_delta_5snap
parker_vs_persistent,Persistent_cand,climb,547b6f2aa500f7d92a8224c18ef87d74,,225|235|237|249|255|256,225,256,31,11,20,12,2,0.387,4.31,4,5,0,5,10,1,,,,,
parker_vs_persistent,Persistent_cand,at260,749d0a2b099c6d3cb65218b02c1f4234,,250|255|255|257|260|260,250,260,10,5,5,5,0,0.5,1.9,3,3,2,5,5,0,,,,,
parker_vs_persistent,Persistent_cand,at260,a7bc11fed0e07ceb652a2f1148e932ffefe8d04e6d233bd35cf2fabdeb93fb0d,,223|223|226|240|260|260,223,260,37,0,37,20,3,0.541,8.14,3,3,2,5,0,0,,,,,
parker_vs_persistent,Persistent_cand,climb,db50a8916c2feaeb4fa8e4c6e55a7b3defe8d04e6d233bd35cf2fabdeb93fb0d,,200|200|200|203|255|260,200,260,60,5,55,52,3,0.867,20.09,3,3,2,5,0,5,,,,,
parker_vs_persistent,Persistent_cand,climb,cb101b65ee0e5bc06bf046ed1d47059e,,220|220|220|235|255|260,220,260,40,5,35,20,3,0.5,8.12,3,3,2,5,0,5,,,,,
parker_vs_persistent,Persistent_cand,climb,61668637c76b2fee59cf483e22c11dd9,,230|234|236|243|256|260,230,260,30,8,22,13,3,0.433,3.85,5,5,0,5,4,4,,,,,
parker_vs_persistent,Persistent_cand,climb,85892b7afd7c6caa422d8eea63e91438efe8d04e6d233bd35cf2fabdeb93fb0d,,235|235|235|250|255|260,235,260,25,5,20,15,2,0.6,5.48,3,3,2,5,0,5,,,,,
parker_vs_persistent,Persistent_cand,climb,28d97f8c4b9f673d366ec5776e874901,,228|228|239|245|255|260,228,260,32,5,27,11,1,0.344,3.93,4,4,1,5,0,5,,,,,
parker_vs_persistent,Persistent_cand,climb,69f23d1fd1e4f77b9e6cb77dcf3850ad,,222|222|223|231|255|260,222,260,38,5,33,24,3,0.632,8.69,3,4,1,5,0,5,,,,,
parker_vs_persistent,Persistent_cand,climb,911dc910e299fb5505bfc67e0c3108beefe8d04e6d233bd35cf2fabdeb93fb0d,,215|215|218|219|255|259,215,259,44,4,40,36,3,0.818,13.67,3,4,1,5,0,4,,,,,
parker_vs_persistent,Persistent_cand,burnend,43f924417d96951dd1dba6a4b3f8b154efe8d04e6d233bd35cf2fabdeb93fb0d,,272|276|277|279|281|281,272,281,9,4,5,4,0,0.444,1.33,3,4,1,5,4,0,,,,,
parker_vs_persistent,Persistent_cand,burnend,796b8c249be4a695b237f05e61ff374e,,270|270|272|274|280|281,270,281,11,1,10,6,3,0.545,2.04,3,4,1,5,0,1,,,,,
parker_vs_persistent,Persistent_cand,climb,3396ac20ee6b13736f581ef2ba97e4b2efe8d04e6d233bd35cf2fabdeb93fb0d,,250|250|250|252|255|260,250,260,10,5,5,5,4,0.5,1.9,3,3,2,5,0,5,,,,,
parker_vs_persistent,Persistent_cand,at260,31aef16daf069148c4ab036ec2ab68e7efe8d04e6d233bd35cf2fabdeb93fb0d,,240|241|243|252|260|260,240,260,20,1,19,9,2,0.45,3.74,3,4,1,5,1,0,,,,,
parker_vs_persistent,Persistent_cand,burnend,acfa0f288ed6ca09d34795660d6c4535,,275|277|280|280|281|284,275,284,9,5,4,3,1,0.333,1.17,3,4,1,5,2,3,,,,,
parker_vs_persistent,Persistent_cand,climb,4853c5be4037f04057294142febc30efefe8d04e6d233bd35cf2fabdeb93fb0d,,161|200|200|218|256|260,161,260,99,43,56,39,0,0.394,16.4,4,4,1,5,39,4,,,,,
parker_vs_persistent,Persistent_cand,at260,3ac483f377327b12cc309696f80171bf,,232|232|237|250|260|260,232,260,28,0,28,13,2,0.464,5.24,3,3,2,5,0,0,,,,,
parker_vs_persistent,Persistent_cand,climb,cbccd9d0dc57a582ccf81c409461b975efe8d04e6d233bd35cf2fabdeb93fb0d,,233|233|240|250|255|257,233,257,24,2,22,10,2,0.417,3.54,4,4,1,5,0,2,,,,,
parker_vs_persistent,Persistent_cand,climb,8442b4c1f5b02af57c4b61dc08e26400efe8d04e6d233bd35cf2fabdeb93fb0d,,228|233|242|250|255|257,228,257,29,7,22,9,1,0.31,2.48,5,5,0,5,5,2,,,,,
parker_vs_persistent,Persistent_cand,at260,832a06fc6060a90018dc3ee36a13764d,,252|254|256|260|260|260,252,260,8,2,6,4,2,0.5,1.5,3,3,2,5,2,0,,,,,
parker_vs_persistent,Persistent_cand,at260,a10f358027f7b1b5027e2fbde7f4f9e5,,220|247|257|260|260|260,220,260,40,27,13,27,0,0.675,10.18,3,3,2,5,27,0,,,,,
parker_vs_persistent,Persistent_cand,climb,f819509cff0bdac0ed52ee4dcc7057e5,,205|205|235|250|255|260,205,260,55,5,50,30,1,0.545,10.68,4,4,1,5,0,5,,,,,
parker_vs_persistent,Persistent_cand,climb,0e62f9864e0b18394c28256438c47a5b,,201|248|250|250|255|256,201,256,55,48,7,47,0,0.855,18.08,3,4,1,5,47,1,,,,,
parker_vs_persistent,Persistent_cand,past260,cfc2bb37c4e8dcf7100668e9bc090074efe8d04e6d233bd35cf2fabdeb93fb0d,,204|240|260|260|262|264,204,264,60,38,22,36,0,0.6,14.03,4,4,1,5,36,2,,,,,
parker_vs_persistent,Persistent_cand,burnend,64990f478b38d2be8978684908e2c19a,,271|271|275|277|281|283,271,283,12,2,10,4,1,0.333,1.5,4,4,1,5,0,2,,,,,
parker_vs_persistent,Persistent_cand,burnend,8ed238b5ea8e0978a2c36c780ecde49d,,272|275|275|279|281|281,272,281,9,3,6,4,2,0.444,1.6,3,3,2,5,3,0,,,,,
parker_vs_persistent,Persistent_cand,at260,3b4b7a38be1a4cdeab289b1af8cdb6a8efe8d04e6d233bd35cf2fabdeb93fb0d,,230|255|257|260|260|260,230,260,30,25,5,25,0,0.833,9.57,3,3,2,5,25,0,,,,,
parker_vs_persistent,Persistent_cand,at260,6d1535e43968392674b8adfe674b815f,,220|226|229|245|260|260,220,260,40,6,34,16,2,0.4,6.42,4,4,1,5,6,0,,,,,
parker_vs_persistent,Persistent_cand,climb,9c5f2f8d67c23852d45da9de103e365eefe8d04e6d233bd35cf2fabdeb93fb0d,,220|220|220|232|255|260,220,260,40,5,35,23,3,0.575,8.69,3,3,2,5,0,5,,,,,
parker_vs_persistent,Persistent_cand,climb,c65b789c8f6e4622171e14f115b643daefe8d04e6d233bd35cf2fabdeb93fb0d,,206|206|211|242|255|260,206,260,54,5,49,31,2,0.574,10.93,4,4,1,5,0,5,,,,,
parker_vs_persistent,Persistent_cand,climb,9a3b76c2ec169b5e6e8c4f0c096cf2b1efe8d04e6d233bd35cf2fabdeb93fb0d,,231|241|246|250|255|260,231,260,29,15,14,10,0,0.345,2.14,5,5,0,5,10,5,,,,,
parker_vs_persistent,Persistent_cand,climb,d658a1d898410d9343f0d3c0c4cb0987efe8d04e6d233bd35cf2fabdeb93fb0d,,220|220|220|227|255|260,220,260,40,5,35,28,3,0.7,10.37,3,3,2,5,0,5,,,,,
parker_vs_persistent,Persistent_cand,burnend,8197eeaf6241ff31c73878bf45d0a965,,265|265|270|275|281|283,265,283,18,2,16,6,3,0.333,2.24,4,4,1,5,0,2,,,,,
parker_vs_persistent,Persistent_cand,climb,7414e5aaedc601e8e7ef5a3beb9287d5,,210|210|211|225|255|260,210,260,50,5,45,30,3,0.6,11.15,3,4,1,5,0,5,,,,,
parker_vs_persistent,Persistent_cand,climb,736b4685e047f6f4ad79b5881861c7d1,,204|204|204|210|255|260,204,260,56,5,51,45,3,0.804,17.08,3,3,2,5,0,5,,,,,
parker_vs_persistent,Persistent_cand,climb,46f89255dba4d53a4d1d704d64a18049efe8d04e6d233bd35cf2fabdeb93fb0d,,231|231|231|241|255|260,231,260,29,5,24,14,3,0.483,5.53,3,3,2,5,0,5,,,,,
parker_vs_persistent,Persistent_cand,at260,8a2e84b80fe6905000e98192ef67970c,,200|204|214|260|260|260,200,260,60,4,56,46,2,0.767,17.39,3,3,2,5,4,0,,,,,
parker_vs_persistent,Persistent_cand,at260,2ab1d52dfb9a2b08a4b2876a570615b7,,253|255|257|260|260|260,253,260,7,2,5,3,2,0.429,1.2,3,3,2,5,2,0,,,,,
parker_vs_persistent,Persistent_cand,burnend,dc9e8579a19eddd613b717d71d43683b,,270|273|275|278|281|283,270,283,13,5,8,3,0,0.231,0.49,5,5,0,5,3,2,,,,,
parker_vs_persistent,Persistent_cand,burnend,d821168c54554f49655aec0b3766c96d,,271|273|275|276|280|285,271,285,14,7,7,5,4,0.357,1.47,4,5,0,5,2,5,,,,,
parker_vs_persistent,Persistent_cand,at260,29b96c5c104ebdc287fa638db2e5f56c,,200|204|234|260|260|260,200,260,60,4,56,30,1,0.5,13.21,3,3,2,5,4,0,,,,,
parker_vs_persistent,Persistent_cand,at260,740ac6e7aec65be19f83fa6aabd3bec5,,230|232|232|241|260|260,230,260,30,2,28,19,3,0.633,7.29,3,3,2,5,2,0,,,,,
parker_vs_persistent,Persistent_cand,burnend,e9846107fe71ed0edbac241f122a1037efe8d04e6d233bd35cf2fabdeb93fb0d,,266|270|273|279|281|282,266,282,16,5,11,6,2,0.375,1.72,4,5,0,5,4,1,,,,,
parker_vs_persistent,Persistent_cand,climb,980246ee30088f65a3049bc9d465a6a286e68d4012202d0434d05f81868f68e3,,204|233|250|250|256|256,204,256,52,29,23,29,0,0.558,11.18,3,3,2,5,29,0,,,,,
parker_vs_persistent,Persistent_cand,at260,3b0d0f682f1fcaa3221799be6ff0b198efe8d04e6d233bd35cf2fabdeb93fb0d,,211|211|235|256|260|260,211,260,49,0,49,24,1,0.49,10.51,3,3,2,5,0,0,,,,,
parker_vs_persistent,Persistent_cand,burnend,e75ce841e3435551d62926fa97ac2eae,,273|275|275|275|281|284,273,284,11,5,6,6,3,0.545,2.23,3,3,2,5,2,3,,,,,
parker_vs_persistent,Persistent_cand,climb,021d71c6c5fce78fcc38720dc5ff520a,,214|214|225|225|255|260,214,260,46,5,41,30,3,0.652,11.16,3,3,2,5,0,5,,,,,
parker_vs_persistent,Persistent_cand,climb,6bca448fe48ca75d1fece04eff4801e2,,232|239|242|246|255|259,232,259,27,11,16,9,3,0.333,2.24,5,5,0,5,7,4,,,,,
parker_vs_persistent,Persistent_cand,at260,6aae561357d4fec7ce1b834466533cbcefe8d04e6d233bd35cf2fabdeb93fb0d,,233|233|235|245|260|260,233,260,27,0,27,15,3,0.556,6.05,3,3,2,5,0,0,,,,,
parker_vs_persistent,Persistent_cand,at260,680adcb996a46a5e066515818a07d82d,,218|220|220|241|260|260,218,260,42,2,40,21,2,0.5,9.52,3,3,2,5,2,0,,,,,
parker_vs_persistent,Persistent_cand,at260,ce30e9957cb3fc25d2ba4f178103d41b,,230|235|239|250|260|260,230,260,30,5,25,11,2,0.367,4.05,4,4,1,5,5,0,,,,,
parker_vs_persistent,Persistent_cand,climb,e1867cbb6dea38527b6c1b9c5e1e2ba9,,200|200|200|202|256|260,200,260,60,4,56,54,3,0.9,21.05,3,3,2,5,0,4,,,,,
parker_vs_persistent,Persistent_cand,burnend,dd435ab7afe9c98fee5ed036b8782177,,270|274|275|279|281|281,270,281,11,4,7,4,0,0.364,1.6,3,4,1,5,4,0,,,,,
parker_vs_persistent,Persistent_cand,at260,40ee830dd76b647e0a614cfdc26fd3ffefe8d04e6d233bd35cf2fabdeb93fb0d,,235|235|245|253|260|260,235,260,25,0,25,10,1,0.4,4.2,3,3,2,5,0,0,,,,,
parker_vs_persistent,Persistent_cand,at260,0819c074134191d8a8d34603c42b2cc1efe8d04e6d233bd35cf2fabdeb93fb0d,,229|253|258|258|260|260,229,260,31,24,7,24,0,0.774,9.09,3,3,2,5,24,0,,,,,
parker_vs_persistent,Persistent_cand,climb,630bcdbe0858d96fc5ddda08bc14185d,,220|220|220|235|256|260,220,260,40,4,36,21,3,0.525,8.51,3,3,2,5,0,4,,,,,
parker_vs_persistent,Persistent_cand,burnend,b8fb991ac33bb357f17b911517b24a30efe8d04e6d233bd35cf2fabdeb93fb0d,,265|271|275|277|281|281,265,281,16,6,10,6,0,0.375,2.04,4,4,1,5,6,0,,,,,
parker_vs_persistent,Persistent_cand,climb,dbd82ad31c5f946c5968940797fc4fb0,,228|230|230|236|256|262,228,262,34,8,26,20,3,0.588,7.0,4,4,1,5,2,6,,,,,
parker_vs_persistent,Persistent_cand,past260,ab104888755f3eca685377541bca7f04,,250|252|257|260|261|262,250,262,12,3,9,5,1,0.417,1.5,3,5,0,5,2,1,,,,,
parker_vs_persistent,Persistent_cand,burnend,edeecb5bc4974dc8a8f61156de921ec7,,270|275|277|280|281|282,270,282,12,6,6,5,0,0.417,1.5,3,5,0,5,5,1,,,,,
parker_vs_persistent,Persistent_cand,at260,9aab4dd34ad974a974fa24bd593b351aefe8d04e6d233bd35cf2fabdeb93fb0d,,220|225|250|250|260|260,220,260,40,5,35,25,1,0.625,9.27,3,3,2,5,5,0,,,,,
parker_vs_persistent,Seasonal_Parker,burnend,a35f4d0b3c1f76de607cd275cd647e10,,276|279|280|280|280|282,276,282,6,5,1,3,0,0.5,1.17,2,3,2,5,3,2,,,,,
parker_vs_persistent,Seasonal_Parker,at260,aed59f313aca1957cce26cb72591dfc9,,200|260|260|260|260|260,200,260,60,60,0,60,0,1.0,24.0,1,1,4,5,60,0,,,,,
parker_vs_persistent,Seasonal_Parker,burnend,c463d28a20e7e17a5a476039e2d10c16,,273|279|280|280|281|284,273,284,11,9,2,6,0,0.545,2.14,2,4,1,5,6,3,,,,,
parker_vs_persistent,Seasonal_Parker,past260,992c873304c93ecf38c80df9c3652bfa,,215|262|262|262|262|262,215,262,47,47,0,47,0,1.0,18.8,1,1,4,5,47,0,,,,,
parker_vs_persistent,Seasonal_Parker,burnend,7e3780b4c672a5f03b4396997df1b4dc,,277|281|281|281|281|281,277,281,4,4,0,4,0,1.0,1.6,1,1,4,5,4,0,,,,,
parker_vs_persistent,Seasonal_Parker,burnend,982dc7a6471454c31036731b5f85501eefe8d04e6d233bd35cf2fabdeb93fb0d,,278|281|281|281|281|281,278,281,3,3,0,3,0,1.0,1.2,1,1,4,5,3,0,,,,,
parker_vs_persistent,Seasonal_Parker,at260,9f4cc7c9bc459a93e9b62d58436f0a07efe8d04e6d233bd35cf2fabdeb93fb0d,,257|260|260|260|260|260,257,260,3,3,0,3,0,1.0,1.2,1,1,4,5,3,0,,,,,
parker_vs_persistent,Seasonal_Parker,climb,1214f332b95d0b753733d2bad3f76b1eefe8d04e6d233bd35cf2fabdeb93fb0d,,140|255|255|255|255|256,140,256,116,116,0,115,0,0.991,45.9,1,2,3,5,115,1,,,,,
parker_vs_persistent,Seasonal_Parker,past260,b99dd86bb08330a2b14eb92c972c2e11,,250|261|262|262|262|265,250,265,15,14,1,11,0,0.733,4.15,2,3,2,5,11,3,,,,,
parker_vs_persistent,Seasonal_Parker,at260,78e428db27a554c0141925a26623910e,,255|260|260|260|260|260,255,260,5,5,0,5,0,1.0,2.0,1,1,4,5,5,0,,,,,
parker_vs_persistent,Seasonal_Parker,at260,cb07d788840dc65eaa2a1ad1835eb28e,,225|260|260|260|260|260,225,260,35,35,0,35,0,1.0,14.0,1,1,4,5,35,0,,,,,
parker_vs_persistent,Seasonal_Parker,climb,98b23d2e2c7095f96a41d1c16ee97c1d,,252|254|254|254|255|260,252,260,8,7,1,5,4,0.625,1.85,2,3,2,5,2,5,,,,,
parker_vs_persistent,Seasonal_Parker,at260,f93fcef4cafecf97c145cb8396d6b46fefe8d04e6d233bd35cf2fabdeb93fb0d,,255|260|260|260|260|260,255,260,5,5,0,5,0,1.0,2.0,1,1,4,5,5,0,,,,,
parker_vs_persistent,Seasonal_Parker,past260,97d54bdb81ca72e5ee04bb4fc470773286e68d4012202d0434d05f81868f68e3,,261|261|261|262|262|276,261,276,15,14,1,14,4,0.933,5.51,1,2,3,5,0,14,,,,,
parker_vs_persistent,Seasonal_Parker,at260,217de04fec9a7a81ac068a8b0af645c7,,200|260|260|260|260|260,200,260,60,60,0,60,0,1.0,24.0,1,1,4,5,60,0,,,,,
parker_vs_persistent,Seasonal_Parker,burnend,d64d6a4ec16d606cd4a5eb8a42da3e78efe8d04e6d233bd35cf2fabdeb93fb0d,,277|280|281|281|281|281,277,281,4,3,1,3,0,0.75,1.17,1,2,3,5,3,0,,,,,
parker_vs_persistent,Seasonal_Parker,at260,452273f5d7978c3a0c2e4999cc5ed7d2efe8d04e6d233bd35cf2fabdeb93fb0d,,200|260|260|260|260|260,200,260,60,60,0,60,0,1.0,24.0,1,1,4,5,60,0,,,,,
parker_vs_persistent,Seasonal_Parker,climb,740b9340e7b0e51ffa8efd68094df804,,255|255|255|255|255|260,255,260,5,5,0,5,4,1.0,2.0,1,1,4,5,0,5,,,,,
parker_vs_persistent,Seasonal_Parker,burnend,e5ef0541ba5c1bebafcf4b4b1f34bc79,,267|281|281|281|281|284,267,284,17,17,0,14,0,0.824,5.43,2,2,3,5,14,3,,,,,
parker_vs_persistent,Seasonal_Parker,past260,22fa89d61007810fc5eb1a548a45f176,,261|261|261|262|262|266,261,266,5,4,1,4,4,0.8,1.55,1,2,3,5,0,4,,,,,
parker_vs_persistent,Seasonal_Parker,at260,6aa175852e53cf84803c974eee2b8dfcefe8d04e6d233bd35cf2fabdeb93fb0d,,251|260|260|260|260|260,251,260,9,9,0,9,0,1.0,3.6,1,1,4,5,9,0,,,,,
parker_vs_persistent,Seasonal_Parker,at260,4718c9518becadd35feec18ffc60d265efe8d04e6d233bd35cf2fabdeb93fb0d,,226|260|260|260|260|260,226,260,34,34,0,34,0,1.0,13.6,1,1,4,5,34,0,,,,,
parker_vs_persistent,Seasonal_Parker,past260,14adc9e51f502dd3a4414b66858e0edcefe8d04e6d233bd35cf2fabdeb93fb0d,,250|262|262|262|262|262,250,262,12,12,0,12,0,1.0,4.8,1,1,4,5,12,0,,,,,
parker_vs_persistent,Seasonal_Parker,at260,1ec19129892f9b53d257cf4bbad35507,,220|260|260|260|260|260,220,260,40,40,0,40,0,1.0,16.0,1,1,4,5,40,0,,,,,
parker_vs_persistent,Seasonal_Parker,at260,f13c3c02550fc375b7ab8f3aad57dfb086e68d4012202d0434d05f81868f68e3,,255|260|260|260|260|260,255,260,5,5,0,5,0,1.0,2.0,1,1,4,5,5,0,,,,,
parker_vs_persistent,Seasonal_Parker,at260,84c02150731ba1e3e04f93afa3585f7aefe8d04e6d233bd35cf2fabdeb93fb0d,,253|259|259|259|259|260,253,260,7,7,0,6,0,0.857,2.33,1,2,3,5,6,1,,,,,
parker_vs_persistent,Seasonal_Parker,past260,5ba1821568da89325981c6f0019701e8,,251|262|262|262|262|262,251,262,11,11,0,11,0,1.0,4.4,1,1,4,5,11,0,,,,,
parker_vs_persistent,Seasonal_Parker,burnend,be50c466d88e99674713904f4b85f29c,,280|281|281|281|281|285,280,285,5,5,0,4,4,0.8,1.55,1,2,3,5,1,4,,,,,
parker_vs_persistent,Seasonal_Parker,at260,e8b7789820542a49c5167858143b940aefe8d04e6d233bd35cf2fabdeb93fb0d,,250|260|260|260|260|260,250,260,10,10,0,10,0,1.0,4.0,1,1,4,5,10,0,,,,,
parker_vs_persistent,Seasonal_Parker,at260,42a3870b8999c0537185ea6735549b26,,230|260|260|260|260|260,230,260,30,30,0,30,0,1.0,12.0,1,1,4,5,30,0,,,,,
parker_vs_persistent,Seasonal_Parker,at260,39f9e29601953aa554df254cfea81665,,260|260|260|260|260|264,260,264,4,4,0,4,4,1.0,1.6,1,1,4,5,0,4,,,,,
parker_vs_persistent,Seasonal_Parker,past260,6936fd4ca030970a5bd7003771a5c350,,257|262|262|262|262|262,257,262,5,5,0,5,0,1.0,2.0,1,1,4,5,5,0,,,,,
parker_vs_persistent,Seasonal_Parker,at260,2eb9cc3de8dfdfe726934f0374e6d4e8,,250|260|260|260|260|260,250,260,10,10,0,10,0,1.0,4.0,1,1,4,5,10,0,,,,,
parker_vs_persistent,Seasonal_Parker,at260,bd1cb4182521f3a97ab6810bc54bf8a3,,255|260|260|260|260|260,255,260,5,5,0,5,0,1.0,2.0,1,1,4,5,5,0,,,,,
parker_vs_persistent,Seasonal_Parker,at260,df39ef07d6fe6534d6e2bf69673d56e4aae77432709819edb959e1fd5d1d77b4,,255|260|260|260|260|260,255,260,5,5,0,5,0,1.0,2.0,1,1,4,5,5,0,,,,,
parker_vs_persistent,Seasonal_Parker,burnend,4f3b4b39c8ddd327b3b8a2b1e95eddde,,277|281|281|281|281|281,277,281,4,4,0,4,0,1.0,1.6,1,1,4,5,4,0,,,,,
parker_vs_persistent,Seasonal_Parker,burnend,0fc562e3f41f92d8b7f6ac2d5835442e,,277|278|279|280|280|283,277,283,6,4,2,3,4,0.5,0.98,1,4,1,5,1,3,,,,,
parker_vs_persistent,Seasonal_Parker,at260,13c1c1bde2f14d9390a8a609c42bf4a1efe8d04e6d233bd35cf2fabdeb93fb0d,,257|260|260|260|260|260,257,260,3,3,0,3,0,1.0,1.2,1,1,4,5,3,0,,,,,
parker_vs_persistent,Seasonal_Parker,at260,97fc2ac18172aa37d4237c0f61f68d2c,,200|260|260|260|260|260,200,260,60,60,0,60,0,1.0,24.0,1,1,4,5,60,0,,,,,
parker_vs_persistent,Seasonal_Parker,at260,570f49e94180026039f437f0ebbaf22fefe8d04e6d233bd35cf2fabdeb93fb0d,,200|260|260|260|260|260,200,260,60,60,0,60,0,1.0,24.0,1,1,4,5,60,0,,,,,
parker_vs_persistent,Seasonal_Parker,at260,12e0c83a92e607c8d73ab1844804a251,,255|255|255|255|255|260,255,260,5,5,0,5,4,1.0,2.0,1,1,4,5,0,5,,,,,
parker_vs_persistent,Seasonal_Parker,burnend,7387135e644abecdd189b4057c90bf14,,275|279|280|280|281|281,275,281,6,4,2,4,0,0.667,1.47,1,3,2,5,4,0,,,,,
parker_vs_persistent,Seasonal_Parker,at260,dfb028c405e4befad50a3f8702d229ec,,200|260|260|260|260|260,200,260,60,60,0,60,0,1.0,24.0,1,1,4,5,60,0,,,,,
parker_vs_persistent,Seasonal_Parker,at260,b8851d8f23b160b0c3c16b6ea75f0184,,210|260|260|260|260|260,210,260,50,50,0,50,0,1.0,20.0,1,1,4,5,50,0,,,,,
parker_vs_persistent,Seasonal_Parker,at260,a472840cb695a4914723c54e3d27ce59,,256|259|260|260|260|260,256,260,4,3,1,3,0,0.75,1.17,1,2,3,5,3,0,,,,,
parker_vs_persistent,Seasonal_Parker,past260,be6accba01d5e7dae345661dfae21f07efe8d04e6d233bd35cf2fabdeb93fb0d,,245|261|261|262|262|262,245,262,17,16,1,16,0,0.941,6.31,1,2,3,5,16,0,,,,,
parker_vs_persistent,Seasonal_Parker,burnend,f15088071bf5822c489de5cb8e132c1defe8d04e6d233bd35cf2fabdeb93fb0d,,275|280|280|281|281|281,275,281,6,5,1,5,0,0.833,1.94,1,2,3,5,5,0,,,,,
parker_vs_persistent,Seasonal_Parker,burnend,e38b9f3a713f6293377bdba0fa7ab9ce,,273|280|280|280|281|283,273,283,10,9,1,7,0,0.7,2.61,2,3,2,5,7,2,,,,,
parker_vs_persistent,Seasonal_Parker,at260,6bad1e8cf7cf14ef7df1599bbe0b74e2efe8d04e6d233bd35cf2fabdeb93fb0d,,240|260|260|260|260|260,240,260,20,20,0,20,0,1.0,8.0,1,1,4,5,20,0,,,,,
climb_260_casestudy,final_260,climb,,떴옹,,,260,,,,,,,,,,,,,,21,0.3,13,0.3,-229953
climb_260_casestudy,final_260,climb,,고철이,,,260,,,,,,,,,,,,,,10,0.01,24,29.34,2424385
climb_260_casestudy,final_260,climb,,딸기찹쌀S2,,,260,,,,,,,,,,,,,,18,2.8,16,10.19,4215908
climb_260_casestudy,final_260,climb,,재이봉봉19,,,260,,,,,,,,,,,,,,33,0.07,1,0.66,-3116
climb_260_casestudy,final_260,climb,,은월야캐염뿌,,,260,,,,,,,,,,,,,,34,1.75,0,1.75,-441286
climb_260_casestudy,final_260,climb,,홍련의장미,,,260,,,,,,,,,,,,,,19,0.01,15,26.68,52647
climb_260_casestudy,final_260,climb,,D1EX80,,,260,,,,,,,,,,,,,,14,0.43,20,0.43,-340300
climb_260_casestudy,reach_261plus,climb,,지팡아,,,261,,,,,,,,,,,,,,15,0.74,19,6.03,-205031
climb_260_casestudy,final_260,climb,,뉵템,,,260,,,,,,,,,,,,,,24,0.08,10,0.08,61744
climb_260_casestudy,final_260,climb,,탄뇽,,,260,,,,,,,,,,,,,,19,1.6,15,1.6,237041
climb_260_casestudy,final_260,climb,,제론수하루미,,,260,,,,,,,,,,,,,,34,30.0,0,30.0,-211919
climb_260_casestudy,final_260,climb,,용숨듀블,,,260,,,,,,,,,,,,,,23,1.41,11,1.41,-833067
climb_260_casestudy,final_260,climb,,LuffCritical,,,260,,,,,,,,,,,,,,34,0.5,0,0.5,181195
climb_260_casestudy,final_260,climb,,민레빛,,,260,,,,,,,,,,,,,,27,5.37,7,5.37,1039901
climb_260_casestudy,final_260,climb,,효주희,,,260,,,,,,,,,,,,,,13,1.75,21,1.75,-135930
climb_260_casestudy,final_260,climb,,우빠쁘뿌,,,260,,,,,,,,,,,,,,31,0.13,3,0.62,-259889
climb_260_casestudy,final_260,climb,,나한테맞아볼,,,260,,,,,,,,,,,,,,34,0.17,0,0.17,314429
climb_260_casestudy,reach_261plus,climb,,나였로,,,265,,,,,,,,,,,,,,3,54.88,31,17.0,10933876
climb_260_casestudy,final_260,climb,,칼리vs에반,,,260,,,,,,,,,,,,,,28,1.1,6,1.1,-440471
climb_260_casestudy,final_260,climb,,헤이호형,,,260,,,,,,,,,,,,,,10,26.59,24,26.59,658492
climb_260_casestudy,final_260,climb,,키위의그림자,,,260,,,,,,,,,,,,,,27,0.0,7,26.6,245990
climb_260_casestudy,final_260,climb,,벚꽃같은비숍,,,260,,,,,,,,,,,,,,24,0.13,10,0.13,-120816
climb_260_casestudy,final_260,climb,,적발백녀,,,260,,,,,,,,,,,,,,22,0.38,12,0.38,-967526
climb_260_casestudy,final_260,climb,,메르퀸영웅,,,260,,,,,,,,,,,,,,16,26.78,18,26.78,335982
climb_260_casestudy,final_260,climb,,Pururin,,,260,,,,,,,,,,,,,,14,0.36,20,0.36,-1291083
climb_260_casestudy,final_260,climb,,일렉옹,,,260,,,,,,,,,,,,,,14,1.14,20,2.4,-87977
climb_260_casestudy,final_260,climb,,그러할때,,,260,,,,,,,,,,,,,,15,2.02,19,45.19,-5696623
climb_260_casestudy,final_260,climb,,어벙한창기사,,,260,,,,,,,,,,,,,,3,26.72,31,26.79,1584363
climb_260_casestudy,final_260,climb,,스커이혜원,,,260,,,,,,,,,,,,,,22,1.83,12,55.32,5295546
climb_260_casestudy,final_260,climb,,제논여유삼촌,,,260,,,,,,,,,,,,,,26,29.86,8,45.29,3023196
climb_260_casestudy,reach_261plus,climb,,Wiae플위,,,262,,,,,,,,,,,,,,28,6.11,6,10.83,-6531
climb_260_casestudy,final_260,climb,,REETOREE,,,260,,,,,,,,,,,,,,20,0.6,14,0.6,-266748
climb_260_casestudy,final_260,climb,,지표도존v2,,,260,,,,,,,,,,,,,,28,0.34,6,0.34,235082
climb_260_casestudy,final_260,climb,,그레이엄법칙,,,260,,,,,,,,,,,,,,31,0.01,3,0.01,-3307
climb_260_casestudy,final_260,climb,,10년정지당함,,,260,,,,,,,,,,,,,,32,0.02,2,0.02,-81068
climb_260_casestudy,final_260,climb,,스나맹,,,260,,,,,,,,,,,,,,32,0.01,2,0.01,5533
climb_260_casestudy,final_260,climb,,661246,,,260,,,,,,,,,,,,,,4,1.81,30,1.81,851475
climb_260_casestudy,final_260,climb,,정백권,,,260,,,,,,,,,,,,,,3,0.11,31,46.44,1143979
climb_260_casestudy,final_260,climb,,하몽마이쩡,,,260,,,,,,,,,,,,,,31,2.68,3,2.68,153960
climb_260_casestudy,final_260,climb,,져좁,,,260,,,,,,,,,,,,,,24,1.47,10,28.25,-2603740
climb_260_casestudy,final_260,climb,,가뿐해윤,,,260,,,,,,,,,,,,,,26,27.91,8,27.91,-549027
climb_260_casestudy,final_260,climb,,호영칠칠임,,,260,,,,,,,,,,,,,,18,0.22,16,0.22,4639
climb_260_casestudy,final_260,climb,,늦엇네,,,260,,,,,,,,,,,,,,24,56.66,10,56.66,-364333
climb_260_casestudy,reach_261plus,climb,,EESYA,,,262,,,,,,,,,,,,,,4,46.21,30,36.38,197854
climb_260_casestudy,final_260,climb,,정민빵디빵야,,,260,,,,,,,,,,,,,,7,27.98,27,27.99,-153131
climb_260_casestudy,final_260,climb,,블랙펄소마,,,260,,,,,,,,,,,,,,24,1.43,10,1.44,-34302
climb_260_casestudy,final_260,climb,,ChoiJungs,,,260,,,,,,,,,,,,,,33,2.21,1,2.8,-260309
climb_260_casestudy,final_260,climb,,소녀포미더블,,,260,,,,,,,,,,,,,,8,20.08,26,47.35,828354
climb_260_casestudy,reach_261plus,climb,,양레쉬,,,261,,,,,,,,,,,,,,23,67.38,11,61.27,251600
climb_260_casestudy,final_260,climb,,초보자비숍,,,260,,,,,,,,,,,,,,31,0.41,3,0.41,-235106
climb_260_casestudy,final_260,climb,,설비하다왔음,,,260,,,,,,,,,,,,,,26,1.15,8,4.11,-82542
climb_260_casestudy,final_260,climb,,SerenityKine,,,260,,,,,,,,,,,,,,23,0.29,11,0.29,-497516
climb_260_casestudy,final_260,climb,,2세대용병,,,260,,,,,,,,,,,,,,16,1.89,18,1.89,475353
climb_260_casestudy,final_260,climb,,활잡이박태풍,,,260,,,,,,,,,,,,,,9,28.63,25,46.27,473192
