cohort,character_name,anchor_level,stagnation_start_level,note
approach,10노잼신궁,251,251,
approach,1211자,251,251,
approach,12227,251,251,
approach,1코어거드라,251,251,
approach,200하고접엇,251,251,
approach,5월의재수생,251,251,
approach,6UCCl,251,251,
approach,8132134,251,251,
approach,AK222,251,251,
approach,Arcides,251,251,
approach,GG메르,251,251,
approach,Iv패왕vI,251,251,
approach,LG폰특가,251,251,
approach,Lyingl팬텀l,251,251,
approach,MMeCe,251,251,
approach,NLords,251,251,
approach,NineSprint,251,251,
approach,PiIy,251,251,
approach,exe07,251,251,
approach,fantasic메세,251,251,
approach,fgfagfd,251,251,
approach,hyungi6,251,251,
approach,iIIi라이트,251,251,
approach,qwewr135,251,251,
approach,sisi0,251,251,
approach,tkqlba,251,251,
approach,감만삭,251,251,
approach,갓두공기,251,251,
approach,강1해린,251,251,
approach,강약중펀치,251,251,
approach,갱상도로보트,251,251,
approach,검은빛북극곰,251,251,
approach,견쿨녀,251,251,
approach,겸치싸개2수,251,251,
approach,계란조리,251,251,
approach,고인향,251,251,
approach,고평곤,251,251,
approach,공카닉버프,251,251,
approach,광양곱도리탕,251,251,
approach,괴물쥐환슥,251,251,
approach,글자네에레브,251,251,
approach,금방접을건대,251,251,
approach,금요일저녁비,251,251,
approach,기오연,251,251,
approach,긴과니,251,251,
approach,김쮸폴암,251,251,
approach,꼬맹바니,251,251,
approach,꽃잠날,251,251,
approach,꾸꾸p,251,251,
approach,뀨뛴,251,251,
approach,나나나잇,251,251,
approach,나는하버할랭,251,251,
approach,나는환이당,251,251,
approach,나연뿌웅,251,251,
approach,낙낙에게,251,251,
approach,난초낀은1월,251,251,
approach,내자리라고씨,251,251,
approach,너도경험치62,251,251,
approach,너홍홍,251,251,
approach,녘샹,251,251,
approach,노현솔,251,251,
approach,뉴빙팡,251,251,
approach,늦긍서포터즈,251,251,
approach,다뤼아델,251,251,
approach,데몬검성,251,251,
approach,데벤슬레이오,251,251,
approach,데벤하는처니,251,251,
approach,데브리테,251,251,
approach,도히부캐11,251,251,
approach,독히살인마,251,251,
approach,동근이의그녀,251,251,
approach,두루산,251,251,
approach,둘쩌,251,251,
approach,떡잎마을도벽,251,251,
approach,라구동글,251,251,
approach,라라타이거,251,251,
approach,란영월,251,251,
approach,랑이샷,251,251,
approach,랫관,251,251,
approach,러브끼,251,251,
approach,로뀨메르,251,251,
approach,로마정,251,251,
approach,로봇햄서,251,251,
approach,로블럼,251,251,
approach,론솜의팔라딘,251,251,
approach,루끼드,251,251,
approach,루멀땅,251,251,
approach,루미네오너,251,251,
approach,르르중독,251,251,
approach,리웅대,251,251,
approach,링크35124123,251,251,
approach,링크f2344,251,251,
approach,링크뎀증쳐,251,251,
approach,링크오찬2,251,251,
approach,링크캉10호,251,251,
approach,링크큭은월,251,251,
approach,마을공주,251,251,
approach,만년고졸업생,251,251,
approach,만듀와간장,251,251,
approach,만득희,251,251,
approach,맛있는귤나나,251,251,
approach,망고체리자두,251,251,
approach,망치쾅팡,251,251,
approach,매횻메세,251,251,
approach,머종데몬,251,251,
approach,멀보노보노지,251,251,
approach,멍꿀메르메르,251,251,
approach,메르세데크스,251,251,
approach,메세자환,251,251,
approach,메카꽃향기,251,251,
approach,메킹마족,251,251,
approach,메하민1,251,251,
approach,멘탈약한은수,251,251,
approach,목련화Q,251,251,
approach,몽쉘몽쉘통통,251,251,
approach,묘츄츄소마,251,251,
approach,무자비한배찌,251,251,
approach,문WAR,251,251,
approach,물결유뇬일,251,251,
approach,뮤헤꽃,251,251,
approach,므느앙,251,251,
approach,미르란이,251,251,
approach,미미앤장군,251,251,
approach,미하일적중,251,251,
approach,밈멈믐밈,251,251,
approach,바인드붕이,251,251,
approach,반가문나로4,251,251,
approach,반갑너구리면,251,251,
approach,방무66,251,251,
approach,뱅큐크14,251,251,
approach,버섯시밧새,251,251,
approach,버프지속크림,251,251,
approach,보빡이123,251,251,
approach,복실빵슬,251,251,
approach,본투디선인도,251,251,
approach,부캐곧무원24,251,251,
approach,불래수우터,251,251,
approach,불량한샤프,251,251,
approach,블래링크3998,251,251,
approach,블래이쁜이,251,251,
approach,빅꿈나무,251,251,
approach,빠그빠그1인,251,251,
approach,뻬깅,251,251,
approach,삼만원은9억,251,251,
approach,상큼한거먹고,251,251,
approach,새송이버섯추,251,251,
approach,서지우짱,251,251,
approach,설리a,251,251,
approach,설인방,251,251,
approach,성장록,251,251,
approach,세열링크02,251,251,
approach,세탁과메카닉,251,251,
approach,셰보래,251,251,
approach,손구락뿌가각,251,251,
approach,손목기부요,251,251,
approach,솔제나,251,251,
approach,솥나하기싫어,251,251,
approach,수비니채고,251,251,
approach,순수바니걸,251,251,
approach,스공은높게,251,251,
approach,스나고무,251,251,
approach,스마일지니,251,251,
approach,스토리긴유니,251,251,
approach,스틸범이꿈임,251,251,
approach,시연울,251,251,
approach,신궁둥이뚜,251,251,
approach,신궁재미게따,251,251,
approach,실체조아,251,251,
approach,심대현,251,251,
approach,씨흔,251,251,
approach,씩씩와,251,251,
approach,아맞다패파,251,251,
approach,아비드지,251,251,
approach,아앙마아앙마,251,251,
approach,아오하기싫오,251,251,
approach,아욱당,251,251,
approach,아이띠예,251,251,
approach,아이유클이육,251,251,
approach,아임메카닉s,251,251,
approach,압둘알칼리,251,251,
approach,앰히얍,251,251,
approach,얜머리색이,251,251,
approach,에로스01,251,251,
approach,에스웍스터보,251,251,
approach,에온메카닉,251,251,
approach,여우유리제로,251,251,
approach,여은자월자,251,251,
approach,여호일링크18,251,251,
approach,엽엽시치,251,251,
approach,올포텐,251,251,
approach,옹국도,251,251,
approach,옹하아,251,251,
approach,완전소된엔버,251,251,
approach,왈아란이,251,251,
approach,왕빵댕이신궁,251,251,
approach,요르요르숫,251,251,
approach,용은월진,251,251,
approach,우유먹는원기,251,251,
approach,우제야라면끓,251,251,
approach,우혜진띠,251,251,
approach,움움맹맹이,251,251,
approach,웃고싶Er,251,251,
approach,원기월급도둑,251,251,
approach,월장룡,251,251,
approach,위험한독구름,251,251,
approach,윈브낭맨,251,251,
approach,유뇬메세001,251,251,
approach,유뇬용메카헤,251,251,
approach,유뇬육쳔,251,251,
approach,유니렌이다,251,251,
approach,유니멜우심심,251,251,
approach,유료쿠폰증정,251,251,
approach,유무메카,251,251,
approach,융용융22,251,251,
approach,은돗끼,251,251,
approach,은월고3,251,251,
approach,은월교탈,251,251,
approach,은월나무줄기,251,251,
approach,은월돌돌이,251,251,
approach,은월크뎀줘어,251,251,
approach,은은한에펠,251,251,
approach,은쯩쯩,251,251,
approach,이쁜꽃을,251,251,
approach,이이이이이띠,251,251,
approach,이파리꽃,251,251,
approach,이화어학원1,251,251,
approach,인트용3,251,251,
approach,인파쿠키,251,251,
approach,일리움추천,251,251,
approach,일메일카체,251,251,
approach,자브하이퍼2,251,251,
approach,자영업블래,251,251,
approach,전율의은월,251,251,
approach,점심먹는부엉,251,251,
approach,제로빅건,251,251,
approach,주먹크잉,251,251,
approach,즈에르으우,251,251,
approach,지학인,251,251,
approach,집에가잣,251,251,
approach,짹멕,251,251,
approach,찍먹해봄윈브,251,251,
approach,찍멋는,251,251,
approach,찡긋찡긋숲,251,251,
approach,찬우링크캐,251,251,
approach,찰폐,251,251,
approach,철호라라라,251,251,
approach,첫번째신궁1,251,251,
approach,최고존엄19호,251,251,
approach,취직한준배,251,251,
approach,츄르도둑블래,251,251,
approach,카틀리야,251,251,
approach,캐러멜블루칩,251,251,
approach,쿨수링크01,251,251,
approach,크리가져와야,251,251,
approach,킹짱엠페러킹,251,251,
approach,탈모오지훈,251,251,
approach,탱쿠랭,251,251,
approach,톼눕,251,251,
approach,트럼프햄버거,251,251,
approach,파도타기젤리,251,251,
approach,파토르,251,251,
approach,팔도네심벌레,251,251,
approach,팔라디뉴,251,251,
approach,팡월꿍,251,251,
approach,팬텀DOe,251,251,
approach,팬텀으로스세,251,251,
approach,팬텀응팁,251,251,
approach,펜텀io,251,251,
approach,편안크,251,251,
approach,폐지줍는캐슈,251,251,
approach,퐁퐁송,251,251,
approach,표창니얼굴에,251,251,
approach,푸르달아,251,251,
approach,풀파파,251,251,
approach,피디다,251,251,
approach,핏료,251,251,
approach,하드워커단일,251,251,
approach,하울링친구22,251,251,
approach,학교안간딸기,251,251,
approach,행팡은월,251,251,
approach,혀로여포메타,251,251,
approach,형지금궁서체,251,251,
approach,호노로로롱,251,251,
approach,호영링크염,251,251,
approach,훔쳐요훔쳐,251,251,
approach,흐냐냐냐냠,251,251,
approach,흩날리는물빛,251,251,
approach,히Roine,251,251,
approach,히카레나이토,251,251,
at260,0I상현,260,260,
at260,1212윙윙,260,260,
at260,1776년,260,260,
at260,1샘플l,260,260,
at260,20000229B,260,260,
at260,250가즈앙,260,260,
at260,30초크로키,260,260,
at260,314초후만렙,260,260,
at260,3197,260,260,
at260,48세모솔남,260,260,
at260,6만메포줘잉,260,260,
at260,8itch,260,260,
at260,8강두천,260,260,
at260,984354745745,260,260,
at260,AF렌,260,260,
at260,ARAN운,260,260,
at260,Aileeni,260,260,
at260,A란좋아요,260,260,
at260,BANGSS,260,260,
at260,Cn유니,260,260,
at260,DeadCrit,260,260,
at260,EG아델,260,260,
at260,Experting,260,260,
at260,FairyTern,260,260,
at260,GorMok,260,260,
at260,Guest102932,260,260,
at260,IRE1NA,260,260,
at260,IRI선봉직격,260,260,
at260,IU와와,260,260,
at260,JNlink13,260,260,
at260,KCTC단장,260,260,
at260,Kcflip,260,260,
at260,Lomou,260,260,
at260,Luna회생,260,260,
at260,MEYD663,260,260,
at260,MX데벤,260,260,
at260,ManjiGumi,260,260,
at260,Me0세,260,260,
at260,Mercedes럽,260,260,
at260,Mercydese,260,260,
at260,My코에캔디,260,260,
at260,NOOL001,260,260,
at260,OI겡,260,260,
at260,OneJindle,260,260,
at260,PEN클럽,260,260,
at260,PMO소마,260,260,
at260,Pam양갱6,260,260,
at260,Paniend,260,260,
at260,QDouble,260,260,
at260,Rinned,260,260,
at260,RuberLuna,260,260,
at260,SLDK신궁,260,260,
at260,SilentHonor,260,260,
at260,StuckByYa,260,260,
at260,Telip,260,262,
at260,TigerSky팬텀,260,260,
at260,Tridemonavid,260,260,
at260,UKGP,260,260,
at260,W기린H,260,260,
at260,bngh,260,260,
at260,casele,260,260,
at260,cyh삶과논리,260,260,
at260,dasjkdfnasjk,260,260,
at260,janeiro,260,260,
at260,jjiogi,260,260,
at260,kanoka,260,260,
at260,ll호영이l,260,260,
at260,lover050,260,260,
at260,l씬짜오l,260,260,
at260,mingyutem,260,260,
at260,nabonn,260,260,
at260,naoenaoe,260,260,
at260,nvla,260,260,
at260,oX시티카스Xo,260,260,
at260,oiepil,260,260,
at260,o류화,260,260,
at260,playmiss호영,260,260,
at260,reolity,260,260,
at260,rgb888,260,260,
at260,rkvls텀,260,260,
at260,romi98,260,260,
at260,sense소마,260,260,
at260,skyWokers,260,260,
at260,sldjf궐소마,260,260,
at260,son0715,260,260,
at260,soofad,260,260,
at260,suntin,260,260,
at260,wenowang,260,260,
at260,workbench12,260,260,
at260,wtgdf,260,260,
at260,가난한용가리,260,260,
at260,가드토토,260,260,
at260,가락시장역,260,260,
at260,가지훈제수육,260,260,
at260,가짜렌렌,260,260,
at260,가품스커,260,260,
at260,각성셰비,260,260,
at260,갈구지마라,260,260,
at260,갈릭빠다,260,260,
at260,갈색좌,260,260,
at260,감성을올려줘,260,260,
at260,감튀도없네,260,260,
at260,강심절망종말,260,260,
at260,강옷패파,260,260,
at260,객성용,260,260,
at260,갯바위생태,260,260,
at260,갱갱메세,260,260,
at260,거의와헌임,260,260,
at260,건덛,260,260,
at260,검사셋째,260,260,
at260,검은고양이zk,260,260,
at260,겜안해와헌,260,260,
at260,겸치전용,260,260,
at260,계란응꼬,260,260,
at260,고급b,260,260,
at260,고기마라샹궈,260,260,
at260,고령흰머리,260,260,
at260,고무맛프로틴,260,260,
at260,고양2조련사,260,260,
at260,고흐시다,260,260,
at260,골골부엉,260,260,
at260,골밝,260,260,
at260,곰다뤄,260,260,
at260,광안역공익,260,260,
at260,괸제탑,260,260,
at260,교관폴암,260,260,
at260,구우1134,260,260,
at260,국라디미르,260,260,
at260,국방부은월,260,260,
at260,굼바굼바란,260,260,
at260,궁니야,260,260,
at260,권왕l,260,260,
at260,권혁기엘프,260,260,
at260,귀미은,260,260,
at260,귤먹탱탱,260,260,
at260,그냥짬뽕먹자,260,260,
at260,그린티달,260,260,
at260,극천마교,260,260,
at260,글렛이,260,260,
at260,금곡와이시티,260,260,
at260,금손지수,260,260,
at260,금수94,260,260,
at260,기쁠땐하나씨,260,260,
at260,길주콩나무,260,260,
at260,김더덕칠,260,260,
at260,김영철72세,260,260,
at260,김으렬,260,260,
at260,김준콤,260,260,
at260,깜둥이파이팅,260,260,
at260,꼬우점새,260,260,
at260,꿀껏8,260,260,
at260,꿈냑역,260,260,
at260,뀨릭슈터,260,260,
at260,뀨벼리와헌,260,260,
at260,끄라링크15,260,260,
at260,나는거름임,260,260,
at260,나로떡머,260,260,
at260,나스파,260,260,
at260,나아카우,260,260,
at260,나워괜히한듯,260,260,
at260,나워뭉망미,260,260,
at260,나이워커아커,260,260,
at260,나테왜구대,260,260,
at260,나햐권의밤,260,260,
at260,날씨엘프,260,260,
at260,내사랑박신혜,260,260,
at260,내아기,260,260,
at260,내일은더나음,260,260,
at260,내친구어딨냐,260,260,
at260,냉철한가문,260,260,
at260,냠미몬,260,260,
at260,냥집사요아,260,260,
at260,너가도전자야,260,260,
at260,너그렇게,260,260,
at260,넋노,260,260,
at260,넘소중,260,260,
at260,네번은월,260,260,
at260,녕탔카데나,260,260,
at260,노바참Yeong,260,260,
at260,노진띵2,260,260,
at260,녹차시우,260,260,
at260,높게뛰어라,260,260,
at260,누룽지보름달,260,260,
at260,느에르카르트,260,260,
at260,늘멍헹,260,260,
at260,늘씽,260,260,
at260,다시쌀숭모드,260,260,
at260,다인리안,260,260,
at260,단뚠씨,260,260,
at260,단새르,260,260,
at260,단애펀치,260,260,
at260,단지누,260,260,
at260,당오네시스,260,260,
at260,대장류,260,260,
at260,덕삼이할게요,260,260,
at260,데벤뺘쀼,260,260,
at260,데쓰브링거,260,260,
at260,데어goo,260,260,
at260,도굴도벽,260,260,
at260,도끼최경민,260,260,
at260,도디메으,260,260,
at260,도쏭딘,260,260,
at260,독심귀속,260,260,
at260,돌그너스,260,260,
at260,돌닌,260,260,
at260,돌아온메킹4,260,260,
at260,돌아와제규어,260,260,
at260,동동S2팬텀,260,260,
at260,동리네움,260,260,
at260,동주포저,260,260,
at260,두산베어스27,260,260,
at260,두쫀슨,260,260,
at260,둔아,260,260,
at260,둡둡이123,260,260,
at260,듈무령,260,260,
at260,드라크블루,260,260,
at260,듯맷,260,260,
at260,디그다9,260,260,
at260,디봄,260,260,
at260,딩동뚜,260,260,
at260,딸기맛정찬휘,260,260,
at260,딸기팔라,260,260,
at260,뚜우루끽,260,260,
at260,뜨도깅,260,260,
at260,라니얄,260,260,
at260,라랄라날달,260,260,
at260,라미울,260,260,
at260,라이더뚱냥이,260,260,
at260,람배마,260,260,
at260,럭키부키쟈나,260,260,
at260,레스카스탄,260,260,
at260,레전드힐딱이,260,260,
at260,레타34,260,260,
at260,롑져,260,260,
at260,로드가되는중,260,260,
at260,로옻,260,260,
at260,로티제니,260,260,
at260,론질,260,260,
at260,루구님,260,260,
at260,루시드1번녀,260,260,
at260,루야사,260,260,
at260,루틀,260,260,
at260,룬깎은여인,260,260,
at260,뤼정후웅,260,260,
at260,륜츱,260,260,
at260,르데탄,260,260,
at260,르벵,260,260,
at260,리마해도밑,260,260,
at260,리버스맑음,260,260,
at260,리신장인섹,260,260,
at260,리우미세,260,260,
at260,리쫑IoveIy,260,260,
at260,린리비숍,260,260,
at260,링급006,260,260,
at260,링기디딩딩,260,260,
at260,링크1233295,260,260,
at260,링크21454352,260,260,
at260,링크시른애,260,260,
at260,링크용41297,260,260,
at260,링크캐234451,260,260,
at260,링크컁이,260,260,
at260,링크케릭굿4,260,260,
at260,링크형캐릭,260,260,
at260,만두풀숲,260,260,
at260,말라비틀어,260,260,
at260,말랑따끈라라,260,260,
at260,말랑한댕댕e,260,260,
at260,말이밍,260,260,
at260,맛간소,260,260,
at260,맛잇추,260,260,
at260,망고미감자,260,260,
at260,망뭉이집사,260,260,
at260,매화설아인우,260,260,
at260,맹수남구,260,260,
at260,머엉힐러,260,260,
at260,메1대남,260,260,
at260,메달깃,260,260,
at260,메르공주찌,260,260,
at260,메르할꼬임,260,260,
at260,메서데벤,260,260,
at260,메세2139,260,260,
at260,메세여읏왕님,260,260,
at260,메이지베뚜렛,260,260,
at260,메카딸범,260,260,
at260,메카영슈,260,260,
at260,메카유린,260,260,
at260,메탁기븅딱,260,260,
at260,멜숙숙,260,260,
at260,명품컬렉션,260,260,
at260,모델매지,260,260,
at260,목이링크용,260,260,
at260,목표월662,260,260,
at260,몰아치는뱀,260,260,
at260,몽고탄,260,260,
at260,무게린,260,260,
at260,무기얻고싶다,260,260,
at260,무렌랑,260,260,
at260,무무갬성,260,260,
at260,무자뷰,260,260,
at260,무존재건실,260,260,
at260,묵직하고거대,260,260,
at260,문복의첵규어,260,260,
at260,뭐살라했더라,260,260,
at260,뮤쎈트,260,260,
at260,뮤협지,260,260,
at260,미꾸귀,260,260,
at260,미스터림,260,260,
at260,미악마약,260,260,
at260,미적분학B마,260,260,
at260,민교매니저,260,260,
at260,민쇼라,260,260,
at260,민쿤탁기11,260,260,
at260,민트초쿄밥,260,260,
at260,바데카실9,260,260,
at260,바람wishwind,260,260,
at260,바이조,260,260,
at260,바트서,260,260,
at260,박찬호박찬호,260,260,
at260,반만보여줄까,260,260,
at260,반민희2,260,260,
at260,반사쿨랸,260,260,
at260,받고가이소,260,260,
at260,발렌시아발랑,260,260,
at260,밥죠밋,260,260,
at260,밧수메르,260,260,
at260,방구대뽕,260,260,
at260,방작공,260,260,
at260,배태랑2,260,260,
at260,백두혈통헌터,260,260,
at260,뱌엿,260,260,
at260,뱍벽뱍뱍,260,260,
at260,버고지,260,260,
at260,버닝나로미자,260,260,
at260,버버버커커커,260,260,
at260,버성미랭,260,260,
at260,버핏아이린,260,260,
at260,범퍼카,260,260,
at260,법넷,260,260,
at260,베닌닌,260,260,
at260,별가을밤,260,260,
at260,병는형님,260,260,
at260,보마해봄아,260,260,
at260,보성뉵차,260,260,
at260,복활,,250,
at260,볶1음간짬뽕,260,260,
at260,볼빙맨,260,260,
at260,봅빕밥봅,260,260,
at260,부터리제로,260,260,
at260,분궤분궤,260,260,
at260,분식먹었당,260,260,
at260,불끄는호댕이,260,260,
at260,불독아메적월,260,260,
at260,붉은발수원,260,260,
at260,붐붐뜨아리,260,260,
at260,붸뵐,260,260,
at260,브랜디이쉬,260,260,
at260,블리다,260,260,
at260,비숍심칼비,260,260,
at260,빅은,260,260,
at260,빙글뱅글보먀,260,260,
at260,빨간미또,260,260,
at260,빵빵츠키리오,260,260,
at260,빵실이호영,260,260,
at260,빼락박,260,260,
at260,뻘친,260,260,
at260,뽀요뽀요,260,260,
at260,뿌요니리,260,260,
at260,뿔퇘,260,260,
at260,사나이여서,260,260,
at260,사냥꾼석주,260,260,
at260,사원다방,260,260,
at260,사월의백금,260,260,
at260,사일월,260,260,
at260,산디보마,260,260,
at260,산청흙돼지,260,260,
at260,상냥한비비,260,260,
at260,상어Yam,260,260,
at260,샅바연,260,260,
at260,새싹독나무,260,260,
at260,샛별255,260,260,
at260,샤샤불과독,260,260,
at260,섀도어딸범,260,260,
at260,서브은월14,260,260,
at260,서연삼,260,260,
at260,서핑퐁,260,260,
at260,선네이션,260,260,
at260,설설코인,260,260,
at260,섬섬섬섬딤섬,260,260,
at260,성데비,260,260,
at260,성유폭풍,260,260,
at260,세리메카엘,260,260,
at260,세야화,260,260,
at260,세탁기김치느,260,260,
at260,세탁한지오래,260,260,
at260,소울시아렌,260,260,
at260,속아쑤다,260,260,
at260,손만잡았는뎅,260,260,
at260,솜꼬뭉,260,260,
at260,송탄할매,260,260,
at260,쇤땅,260,260,
at260,쇼루마루,260,260,
at260,쇼비루스,260,260,
at260,쇼비캐리,260,260,
at260,쇼콩잉,260,260,
at260,수여니남편,260,260,
at260,수콩제로,260,260,
at260,술메메가,260,260,
at260,쉽똥캐비숍,260,260,
at260,슈수비,260,260,
at260,스병유뇬,260,260,
at260,스브럼,260,260,
at260,스워드오브갓,260,260,
at260,스커배고픈데,260,260,
at260,스쿼럴스타,260,260,
at260,스크류바쨩,260,260,
at260,스타르기,260,260,
at260,슬아키네시스,260,260,
at260,슬재앙,260,260,
at260,시기부캐21,260,260,
at260,시꿀또마,260,260,
at260,시라츠유,260,260,
at260,시퍼,260,260,
at260,시한부원할,260,260,
at260,식에휘말린창,260,260,
at260,신검일섬,260,260,
at260,신궁이여여,260,260,
at260,신비의아뎅에,260,260,
at260,신성망치훈육,260,260,
at260,신조르데벤,260,260,
at260,실이슬이공쥬,260,260,
at260,심노부,260,260,
at260,십쥬군은월,260,260,
at260,싶령,260,260,
at260,쌀먹하께요,260,260,
at260,써맥스,260,260,
at260,썬남,260,260,
at260,쏟공,260,260,
at260,쑤얀3,260,260,
at260,쓰라아빠루미,260,260,
at260,쓰러튼,260,260,
at260,씀마이,260,260,
at260,씁빱,260,260,
at260,아공와헌이,260,260,
at260,아덱딱DE,260,260,
at260,아델아에브,260,260,
at260,아란빈이04,260,260,
at260,아러얀로,260,260,
at260,아롱유자,260,260,
at260,아리캔따개,260,260,
at260,아메챠,260,260,
at260,아쉬운모양,260,260,
at260,아이위나,260,260,
at260,아이템테스느,260,260,
at260,아잉스프,260,260,
at260,악브커,260,260,
at260,안녕하심꽈,260,260,
at260,안드릴헌터,260,260,
at260,안산임영웅,260,260,
at260,안졸리델,260,260,
at260,안종빡,260,260,
at260,알나웡,260,260,
at260,암핸어사,260,260,
at260,암흑의흡혈귀,260,260,
at260,앙먕몽,260,260,
at260,앤잴릭빠스따,260,260,
at260,앤흠,260,260,
at260,앨랠랠래,260,260,
at260,야들리애,260,260,
at260,야이렌까야,260,260,
at260,약째삼촌,260,260,
at260,약코젬,260,260,
at260,양고기먹어요,260,260,
at260,양븜뷰,260,260,
at260,어깨깡준,260,260,
at260,어설픈허깨비,260,260,
at260,언쇄,260,260,
at260,언제줬음,260,260,
at260,얼음핑키,260,260,
at260,엉비,260,260,
at260,에겐봇,260,260,
at260,에블리스쵸키,260,260,
at260,에와샤,260,260,
at260,에픽둘둘엔버,260,260,
at260,에힐넥,260,260,
at260,엔버쑤킹1,260,260,
at260,엘프머슴,260,260,
at260,엘프쨩하와와,260,260,
at260,엘프천호,260,260,
at260,엘프피부메르,260,260,
at260,여름끝이여,260,260,
at260,연보배,260,260,
at260,연주나,260,260,
at260,열심히하자99,260,260,
at260,엿날려,260,260,
at260,영영01,260,260,
at260,오늘의쪼꼬,260,260,
at260,오뚜기는카레,260,260,
at260,오렌지쿵차,260,260,
at260,오르의섀도어,260,260,
at260,오서은월,260,260,
at260,오준섞,260,260,
at260,오후수빈,260,260,
at260,와넹냉,260,260,
at260,와니어드,260,260,
at260,와손임당,260,260,
at260,와일드헌틈틈,260,260,
at260,와하허허허,260,260,
at260,와헌293,260,260,
at260,와헌개노답임,260,260,
at260,와헌수민붕이,260,260,
at260,와헌스요,260,260,
at260,와헌씨X,260,260,
at260,와헌와헌2,260,260,
at260,와헤롱,260,260,
at260,완뚜앙금빵,260,260,
at260,왓뭣,260,260,
at260,외않됨대,260,260,
at260,외화벌이돼지,260,260,
at260,욜로쫑식이,260,260,
at260,용기77999997,260,260,
at260,용덤벨,260,260,
at260,우든초코콘,260,260,
at260,우솝상어,260,260,
at260,우이치로타콘,260,260,
at260,우정잉푸앙이,260,260,
at260,원샷정연,260,260,
at260,원젠팔,260,260,
at260,원조닭발,260,260,
at260,월묘헌터,260,260,
at260,위드캡슐,260,260,
at260,윈브돌이1호,260,260,
at260,윈치병,260,260,
at260,윈터는귀엽다,260,260,
at260,유싸니개온39,260,260,
at260,유앤아이G,260,260,
at260,윤선둥절,260,260,
at260,윤하온탑,260,260,
at260,율전동날라리,260,260,
at260,은나래,260,260,
at260,은다빌,260,260,
at260,은로PF,260,260,
at260,은롱쩐,260,260,
at260,은색월담,260,260,
at260,은월아바,260,260,
at260,은월웅히,260,260,
at260,은월읠틥,260,260,
at260,은월일대장,260,260,
at260,은장금장월장,260,260,
at260,은하디,260,260,
at260,응애나플린이,260,260,
at260,응애현국응애,260,260,
at260,의문띠,260,260,
at260,이고깽펀치,260,260,
at260,이드리넴,260,260,
at260,이우석오팬무,260,260,
at260,이율메르,260,260,
at260,이자르몬,260,260,
at260,인도로간예수,260,260,
at260,인몸보신,260,260,
at260,인생은지루함,260,260,
at260,인트위대,260,260,
at260,임불락,260,260,
at260,임사란,260,260,
at260,임쌀먹,260,260,
at260,잉을무,260,260,
at260,잊영잊달,260,260,
at260,자양동불막창,260,260,
at260,자연밍뀨,260,260,
at260,작검기,260,260,
at260,잘나가는제규,260,260,
at260,잘생킴,260,260,
at260,잠당소마,260,260,
at260,장난친어린이,260,260,
at260,장신구장인정,260,260,
at260,재사용엘프녀,260,260,
at260,저지능비둘기,260,260,
at260,전남애국보수,260,260,
at260,전룡의포로,260,260,
at260,전사근본,260,260,
at260,전사붕어빵,260,260,
at260,전사인걸요,260,260,
at260,전성헌,260,260,
at260,젊탱헌,260,260,
at260,점따끔,260,260,
at260,정균스,260,260,
at260,정령쵸섭이,260,260,
at260,정월아침,260,260,
at260,제너럴재규,260,260,
at260,제로Lia,260,260,
at260,제로끙끙,260,260,
at260,제로안성,260,260,
at260,제로야일루와,260,260,
at260,제로투도경,260,260,
at260,제르헌터,260,260,
at260,제주말차ice,260,260,
at260,젠페온,260,260,
at260,젱텬,260,260,
at260,조각줍는사람,260,260,
at260,조피흡,260,260,
at260,종고마,260,260,
at260,좋경고아원,260,260,
at260,좋다숍,260,260,
at260,죠단나워,260,260,
at260,주제넘게,260,260,
at260,죽지않는탱커,260,260,
at260,준비엘,260,260,
at260,쥬바밧,260,260,
at260,쥬베록,260,260,
at260,쥰나반항아,260,260,
at260,즐거운다롤,260,260,
at260,지건썬콜,260,260,
at260,지곡동오르카,260,260,
at260,지미미미,260,260,
at260,지방듬뿍듬뿍,260,260,
at260,지선요정요,260,260,
at260,지쑤아란,260,260,
at260,지읊,260,260,
at260,지잡대로보통,260,260,
at260,직선유뇬,260,260,
at260,진입동,260,260,
at260,진짜기차냥,260,260,
at260,집으로카데나,260,260,
at260,짓순딘,260,260,
at260,짜증메르,260,260,
at260,짧둘기,260,260,
at260,짭제루,260,260,
at260,짱9에요123,260,260,
at260,쩡효,260,260,
at260,쬐깐엔,260,260,
at260,쬐끔보우,260,260,
at260,쬔뗑,260,260,
at260,찝껌,260,260,
at260,찡챌키,260,260,
at260,찬화유뇬14,260,260,
at260,찻론,260,260,
at260,창섭딸키네,260,260,
at260,창섭의제로,260,260,
at260,채소정말싫어,260,260,
at260,채한윤,260,260,
at260,챌섭뽕뽑기,260,260,
at260,챕헌,260,260,
at260,처리된병장,260,260,
at260,척수미하일,260,260,
at260,천명선인가,260,260,
at260,천상천하유나,260,260,
at260,청월향인,260,260,
at260,첵메정,260,260,
at260,초고수와허니,260,260,
at260,초반링크캐01,260,260,
at260,초야수리,260,260,
at260,촛촛촛촛촛,260,260,
at260,최강전설툐끼,260,260,
at260,최강학철,260,260,
at260,최애의스칼렛,260,260,
at260,추뚜뚜은월,260,260,
at260,추상일지4,260,260,
at260,축뱝,260,260,
at260,축축여우비,260,260,
at260,춘식블,260,260,
at260,춤뉴,260,260,
at260,충암동김와헌,260,260,
at260,췐동,260,260,
at260,츙벅이,260,260,
at260,치리낼,260,260,
at260,치임소오주웅,260,260,
at260,치킨마요유행,260,260,
at260,친구반려동물,260,260,
at260,카스헌터원,260,260,
at260,카으아알뤼,260,260,
at260,카짓당한신궁,260,260,
at260,칼별리별,260,260,
at260,칼슘파이어,260,260,
at260,칼프라라,260,260,
at260,캐페니,260,260,
at260,캔디코니초,260,260,
at260,켈리릴,260,260,
at260,코만바이펴,260,260,
at260,코스모진,260,260,
at260,코카잔,260,260,
at260,쿠오로루,260,260,
at260,쿠즈은월,260,260,
at260,쿨감캐릭데스,260,260,
at260,쿨한얼굴헤어,260,260,
at260,퀸포아,260,260,
at260,크리무친,260,260,
at260,크위스,260,260,
at260,클라리마르코,260,260,
at260,키키메르롱,260,260,
at260,킨레븐,260,260,
at260,탑티피엘,260,260,
at260,탕탄후,260,260,
at260,태는블,260,260,
at260,탯쩌,260,260,
at260,테옘,260,260,
at260,텐도카,260,260,
at260,토리는달덩이,260,260,
at260,토트라타이,260,260,
at260,퇘가,260,260,
at260,퇴장으널,260,260,
at260,투수스트렐리,260,260,
at260,투핸더은월,260,260,
at260,트럼프급전함,260,260,
at260,틴인틴,260,260,
at260,파닉키시,260,260,
at260,파빠독,260,260,
at260,파윈애플,260,260,
at260,팡무인,260,260,
at260,패빠류니,260,260,
at260,패쳐찢,260,260,
at260,팬쓰우,260,260,
at260,팬티도둑단장,260,260,
at260,펄빪,260,260,
at260,펭귄라이더1,260,260,
at260,폭뎀햄찌,260,260,
at260,폿웜,260,260,
at260,퐁퐁잉헴,260,260,
at260,표남경선생님,260,260,
at260,표범죄,260,260,
at260,표주섭,260,260,
at260,푸울떼에기이,260,260,
at260,풀승,260,260,
at260,프렐렐,260,260,
at260,프블탄생,260,260,
at260,프페셜,260,260,
at260,플위라는데얘,260,260,
at260,피가빵,260,260,
at260,피티쌤,260,260,
at260,하늘금,260,260,
at260,하단딸기,260,260,
at260,하버링크나나,260,260,
at260,하지마제논,260,260,
at260,하체림,260,260,
at260,한달유년,260,260,
at260,한원리,260,260,
at260,핫돼지꾸엑,260,260,
at260,해달소라,260,260,
at260,해린이엔버,260,260,
at260,핵펀치안킹림,260,260,
at260,햄볶그잡채,260,260,
at260,헌터핸니,260,260,
at260,헒영,260,260,
at260,헤더데몬,260,260,
at260,헤도용지니,260,260,
at260,헤레난,260,260,
at260,현과잉,260,260,
at260,형창무찹츄,260,260,
at260,혜진월,260,260,
at260,혜히키,260,260,
at260,호랑욥,260,260,
at260,호슥이반마리,260,260,
at260,호식이chuu,260,260,
at260,호영유니형17,260,260,
at260,호화와헌,260,260,
at260,홈즈앤왓헌,260,260,
at260,홍대선대장,260,260,
at260,홍룡도,260,260,
at260,화감3,,260,
at260,화르맛스턱,260,260,
at260,화살숲,260,260,
at260,활서긔,260,260,
at260,황상와헌,260,260,
at260,황혼유피,260,260,
at260,횻우얌,260,260,
at260,후방빌드,260,260,
at260,휘핑없는모카,260,260,
at260,흑구z,260,260,
at260,흑마젤라또,260,260,
at260,흑의재규어,260,260,
at260,희박핑,260,260,
at260,희주제,260,260,
at260,히돌쿤,260,260,
at260,히숙클리프,260,260,
at260,히어로곧버림,260,260,
at260,힐러오른,260,260,
past260,01년생박규남,262,262,
past260,0알파a베타B,262,262,
past260,12시팬텀,262,262,
past260,5555333333,262,262,
past260,BEST아델34,262,262,
past260,Eromok,262,262,
past260,I허생I에반,262,262,
past260,Leshgetit,262,262,
past260,MWXD,262,262,
past260,S2니트,262,262,
past260,TeaMBiShop,262,262,
past260,askflhaskjfh,262,262,
past260,cavqwva,262,262,
past260,duoqm111,262,262,
past260,im정상수,262,262,
past260,o탈묘o,262,262,
past260,qwoekqwpoek,262,262,
past260,toast0205,262,262,
past260,unclean,262,262,
past260,z희야z,262,262,
past260,가연랜,262,262,
past260,가챠운만렙,262,262,
past260,간편식재,262,262,
past260,갈아타,262,262,
past260,갯떨만,262,262,
past260,갱미밈,262,262,
past260,걸작갈릭소스,262,262,
past260,검정콩렌,262,262,
past260,검찰검,262,262,
past260,검황s,262,262,
past260,게뭉월,262,262,
past260,겨울행티켓,262,262,
past260,계절나드리,262,262,
past260,고룡전문헌터,262,262,
past260,곤지02,262,262,
past260,광도면칼잡이,262,262,
past260,구름치나워,262,262,
past260,국가대표가되,262,262,
past260,궁화리암살자,262,262,
past260,귀네시시,262,262,
past260,근대씨앗,262,262,
past260,글자네조건부,262,262,
past260,기사가디,262,262,
past260,까먹공,262,262,
past260,꺄세,262,262,
past260,낑낑대봐,262,262,
past260,나나나맛,262,262,
past260,나사실파이리,262,262,
past260,나앵짱,262,262,
past260,나코엘,262,262,
past260,날강도의하루,262,262,
past260,남리수색,262,262,
past260,납첩,262,262,
past260,내리리나로,262,262,
past260,내예임수빈,262,262,
past260,냐츄키,262,262,
past260,냥캡몽,262,262,
past260,넘방법사,262,262,
past260,네네별,262,262,
past260,노인과바람,262,262,
past260,노잼노뎀벤져,262,262,
past260,녹색누님,262,262,
past260,뇌용량24cc,262,262,
past260,뇽루피,262,262,
past260,느리뽀,262,262,
past260,다온다니,262,262,
past260,단감크림샌드,262,262,
past260,대충약한이름,262,262,
past260,데몬회백동,262,262,
past260,델랭영,262,262,
past260,도연궁,262,262,
past260,돌옙,262,262,
past260,돐부,262,262,
past260,두명의스킨,262,262,
past260,뒵귁귁,262,262,
past260,듀로월즈무관,262,262,
past260,듣걸,262,262,
past260,디와썬콜,262,262,
past260,땅콩사단장,262,262,
past260,또박맘,262,262,
past260,뙨샜,262,262,
past260,뚜르응,262,262,
past260,띵링링링링,262,262,
past260,랑놋,262,262,
past260,랑이가뭔데요,262,262,
past260,래월체,262,262,
past260,렌긋렌긋,262,262,
past260,롤전문종민,262,262,
past260,롯데리아듀블,262,262,
past260,롱준0세,262,262,
past260,뢸범,262,262,
past260,릉무릉,262,262,
past260,마계궁,262,262,
past260,마빡에문신함,262,262,
past260,막금춘,262,262,
past260,말랑와이번,262,262,
past260,매그리피스,262,262,
past260,매우낯선열대,262,262,
past260,매화징규,262,262,
past260,메1슝2좍,262,262,
past260,메르웨이,262,262,
past260,메이뚜란,262,262,
past260,메카닉꼬만튀,262,262,
past260,묘메,262,262,
past260,무건,262,262,
past260,무명검렌,262,262,
past260,무명의설움,262,262,
past260,무술왕김준현,262,262,
past260,무창루미,262,262,
past260,무치레,262,262,
past260,뮤쇼,262,262,
past260,뮬리에양,262,262,
past260,미잉캐슈,262,262,
past260,밍표듀블,262,262,
past260,박zi,262,262,
past260,밤느림,262,262,
past260,배율주,262,262,
past260,버닝zxw,262,262,
past260,별바밤바,262,262,
past260,별빛코딱지,262,262,
past260,별의울림,262,262,
past260,볕핵,262,262,
past260,보리차명인,262,262,
past260,보마늦둥이,262,262,
past260,보먀바,262,262,
past260,볼짬친구,262,262,
past260,봄빛이머무는,262,262,
past260,부진보고,262,262,
past260,부채를펄럭,262,262,
past260,북원중섬광탄,262,262,
past260,비싸지않다,262,262,
past260,비열한노괴,262,262,
past260,비취우상,262,262,
past260,빡수좌,262,262,
past260,뽀만뽀고싶다,262,262,
past260,뽀써리,262,262,
past260,뽀오다크,262,262,
past260,쁘화연,262,262,
past260,사료나줘요,262,262,
past260,산야루,262,262,
past260,삼맹꽁,262,262,
past260,샅눈,262,262,
past260,생꾸리,262,262,
past260,샤프란석류,262,262,
past260,서어자,262,262,
past260,설야멱적,262,262,
past260,성기사전용캐,262,262,
past260,성실한토끼굴,262,262,
past260,성원인데,262,262,
past260,세컨파티,262,262,
past260,섹시효,262,262,
past260,소도로다,262,262,
past260,소캣,262,262,
past260,송우전략대장,262,262,
past260,숍숍의,262,262,
past260,수리유지아,262,262,
past260,수원시방범대,262,262,
past260,수제다,262,262,
past260,순정셸양,262,262,
past260,순천마초남,262,262,
past260,슈망햄,262,262,
past260,스르륵슥샥,262,262,
past260,스묜덩,262,262,
past260,십만치,262,262,
past260,싸움매미지,262,262,
past260,싸지오,262,262,
past260,썬참냥,262,262,
past260,썬푭,262,262,
past260,쒸찬,262,262,
past260,아델의귀고리,262,262,
past260,아름동핵펀치,262,262,
past260,아리안데2,262,262,
past260,아주빠른와헌,262,262,
past260,안녕난징글,262,262,
past260,애토란,262,262,
past260,얼쏘일리움,262,262,
past260,에레라,262,262,
past260,에반조영진,262,262,
past260,엘라엔버닝,262,262,
past260,엘타니스,262,262,
past260,여주팔,262,262,
past260,연계란말이,262,262,
past260,연두색다래,262,262,
past260,연이륌,262,262,
past260,염화정,262,262,
past260,영영갬,262,262,
past260,오이소박이,262,262,
past260,와흔짱,262,262,
past260,왼손에흑염증,262,262,
past260,요그좀막아줘,262,262,
past260,우일드헌디,262,262,
past260,웅이좋아해요,262,262,
past260,월랑싼,262,262,
past260,윈브미맘,262,262,
past260,유사쫀,262,262,
past260,유썬콩,262,262,
past260,윱스파인더,262,262,
past260,으누월쭝,262,262,
past260,은거한,262,262,
past260,은맵2,262,262,
past260,은월쓰디,262,262,
past260,은의목소리,262,262,
past260,이게남캔가,262,262,
past260,이주영이주영,262,262,
past260,일단해미하일,262,262,
past260,일원다방,262,262,
past260,잊댐,262,262,
past260,자객암살자,262,262,
past260,자기마,262,262,
past260,자푸데스,262,262,
past260,장만보,262,262,
past260,쟉늠,262,262,
past260,쟉섬,262,262,
past260,제로사이다캔,262,262,
past260,제로잠뽕,262,262,
past260,조서현시치,262,262,
past260,중매매올,262,262,
past260,중쿡우한박쥐,262,262,
past260,지리산볼리베,262,262,
past260,지피오,262,262,
past260,진로불짬뽕,262,262,
past260,진짜개빨,262,262,
past260,째이맘,262,262,
past260,짹소마짹,262,262,
past260,쪼마,262,262,
past260,찌릿단미,262,262,
past260,찐녹차뚱카롱,262,262,
past260,찐얘님,262,262,
past260,차띔,262,262,
past260,차차모해,262,262,
past260,채래렌,262,262,
past260,책임자수종,262,262,
past260,천마Nim,262,262,
past260,체멜라,262,262,
past260,총총한총장님,262,262,
past260,최강콩순,262,262,
past260,추노꿈나무,262,262,
past260,추니마드,262,262,
past260,츄델동산,262,262,
past260,츙샹,262,262,
past260,카드캡터야호,262,262,
past260,카루풍,262,262,
past260,칼날의뿌까,262,262,
past260,칼든아란,262,262,
past260,칼리게굿,262,262,
past260,캡구신,,,dropout_before_stagnation
past260,캡롤로,262,262,
past260,코크베어,262,262,
past260,쿠스보마,262,262,
past260,퀀딤,262,262,
past260,큐티핑뀨,262,262,
past260,크로카인링크,262,262,
past260,크웠,262,262,
past260,키르키로,262,262,
past260,타르동,262,262,
past260,탱쇈,262,262,
past260,턱신추천캡틴,262,262,
past260,텐삡,262,262,
past260,톡획,262,262,
past260,튜린아,262,262,
past260,티모의cs,262,262,
past260,티스델,262,262,
past260,틸드석궁,262,262,
past260,팀길드팀장,262,262,
past260,파닭냠와헌,262,262,
past260,파스톰,262,262,
past260,파폴라투스,262,262,
past260,폭풍오리,262,262,
past260,푠푠만두,262,262,
past260,푸쩍잉,262,262,
past260,프로위저드,262,262,
past260,프리스트야스,262,262,
past260,하석신궁,262,262,
past260,하얀12,262,262,
past260,하이팩키지,262,262,
past260,햄스터임,262,262,
past260,허벅지,262,262,
past260,헝울깃,262,262,
past260,호떡에는아아,262,262,
past260,호신월옥,262,262,
past260,호진월드,262,262,
past260,회사조출,262,262,
past260,후묘티어,262,262,
past260,히로반창고,262,262,
burnend,18학번,281,281,
burnend,1조부자아빠,281,281,
burnend,1티어렌,281,281,
burnend,23렌32,281,281,
burnend,2v2렌2v2,281,281,
burnend,55bz,281,281,
burnend,Flextime,281,281,
burnend,FuIham,281,281,
burnend,GJ그룹상무,281,281,
burnend,Haith,281,281,
burnend,JangDuckSoo,281,281,
burnend,Mu민2,281,281,
burnend,NigraLuna,281,281,
burnend,N생둘,281,281,
burnend,PerrelBrown,281,281,
burnend,Pisokai,281,281,
burnend,Poche,281,281,
burnend,RED레드V,281,281,
burnend,SCHD광신도,281,281,
burnend,T치바나H나노,281,281,
burnend,VADA,281,281,
burnend,YOONGEON,281,281,
burnend,dos티,281,281,
burnend,komoss,281,281,
burnend,l조자룡l,281,281,
burnend,nigw,281,281,
burnend,vhffh,281,281,
burnend,zl존궁수종문,281,281,
burnend,가난해용,281,281,
burnend,가에레래세래,281,281,
burnend,감쟈뿡,281,281,
burnend,강봉걸,281,281,
burnend,강응,281,281,
burnend,개꿀공익몬,281,281,
burnend,거누딩,281,281,
burnend,건희쀼,281,281,
burnend,검술의심포니,281,281,
burnend,경때경때,281,281,
burnend,골댕이먹이기,281,281,
burnend,공백챌,281,281,
burnend,공이태호,281,281,
burnend,괴도우어엉,281,281,
burnend,구름토토,281,281,
burnend,규융,281,281,
burnend,극성이교도,281,281,
burnend,급발진봉환,281,281,
burnend,긴긴서사,281,281,
burnend,김물링,281,281,
burnend,김적포0,281,281,
burnend,김진철네넴띤,281,281,
burnend,김츄팍,281,281,
burnend,김크념,281,281,
burnend,꾸노렌,281,281,
burnend,나늬누네노,281,281,
burnend,나몰빼미난사,281,281,
burnend,나패하저,281,281,
burnend,날렵한허붕쿤,281,281,
burnend,남결희,281,281,
burnend,네모발사대,281,281,
burnend,념뿌,281,281,
burnend,노예웅,281,281,
burnend,논산역,281,281,
burnend,놈빙,281,281,
burnend,눈꽃또잉,281,281,
burnend,뉜련,281,281,
burnend,닉네임그거임,281,281,
burnend,다루레오다,281,281,
burnend,달별콩맛있다,281,281,
burnend,달의검사렌,281,281,
burnend,대기업오뎅,281,281,
burnend,대용룡,281,281,
burnend,데스컹,281,281,
burnend,데슬이태사,281,281,
burnend,도렌쥬,281,281,
burnend,도로일섬,281,281,
burnend,돗뱐,281,281,
burnend,동가위,281,281,
burnend,두부이뽀,281,281,
burnend,듀블러렌,281,281,
burnend,때찌요,281,281,
burnend,떳액,281,281,
burnend,또뚜렌드,281,281,
burnend,뚱충렌,281,281,
burnend,라이프홀릭,281,281,
burnend,레티배메,281,281,
burnend,렌당혹,281,281,
burnend,렌똥토끼똥,281,281,
burnend,렌랠렌,281,281,
burnend,렌며드렌,281,281,
burnend,렌미라쥬,281,281,
burnend,렌선동,281,281,
burnend,렌선아,281,281,
burnend,렌섬외어,281,281,
burnend,렌쨩키,281,281,
burnend,렌치가로등,281,281,
burnend,렌코쿠는렌렌,281,281,
burnend,렌하는김오네,281,281,
burnend,렌해둥,281,281,
burnend,로이더빠스,281,281,
burnend,로프좀,281,281,
burnend,롤무새01,281,281,
burnend,루시레엔,281,281,
burnend,룸폼,281,281,
burnend,르서연,281,281,
burnend,마공학전공,281,281,
burnend,마통이모,281,281,
burnend,맛땡킴,281,281,
burnend,매화검오애순,281,281,
burnend,매화만풍,281,281,
burnend,매화절영,281,281,
burnend,매화조차,281,281,
burnend,매화현우,281,281,
burnend,먹쿡바이퍼,281,281,
burnend,멍시월,281,281,
burnend,무려궁수,281,281,
burnend,무르씨영,281,281,
burnend,물병투척금지,281,281,
burnend,뮌식쿤,281,281,
burnend,므엉렌,,281,
burnend,민교중대,281,281,
burnend,민존규잘,281,281,
burnend,반숙이,281,281,
burnend,밥영훈,281,281,
burnend,방부닝,281,281,
burnend,백혜포,281,281,
burnend,뱀의호흡5형,281,281,
burnend,별빛결이,281,281,
burnend,별품은버닝,281,281,
burnend,보마하지말아,281,281,
burnend,보조개나워,281,281,
burnend,보충대탈영병,281,281,
burnend,복수심,281,281,
burnend,부뚜활,281,281,
burnend,부먹펩시렌,281,281,
burnend,불빛엔,281,281,
burnend,빡통몬,281,281,
burnend,뻔홱,281,281,
burnend,뿅뿅토끼탕,281,281,
burnend,뿌뤠이1,281,281,
burnend,삐니삐이니,281,281,
burnend,삑삑도요새,281,281,
burnend,사료까는렌,281,281,
burnend,살포시렌,281,281,
burnend,삼십살메르,281,281,
burnend,새로운핫팩,281,281,
burnend,새움빛,281,281,
burnend,색칠쟁이,281,281,
burnend,석레앤,281,281,
burnend,선미토리견주,281,281,
burnend,선인장같은너,281,281,
burnend,설원의계약,281,281,
burnend,섬촌,281,281,
burnend,성향검선,281,281,
burnend,솔누렌,281,281,
burnend,솜준서,281,281,
burnend,송하양이,281,281,
burnend,수룡은신이야,281,281,
burnend,수박맛코코,281,281,
burnend,슈렌화,281,281,
burnend,스벤bow트만,281,281,
burnend,스트롱재영,281,281,
burnend,스트리트,281,281,
burnend,승현두,281,281,
burnend,시드하는기계,281,281,
burnend,시딱렌렌,281,281,
burnend,신고산왕법사,281,281,
burnend,신관동야스오,281,281,
burnend,쌀단검,281,281,
burnend,썸있,281,281,
burnend,아레기쉬,281,281,
burnend,아사달렌,281,281,
burnend,아이도루파니,281,281,
burnend,아쥑,281,281,
burnend,안개속비창,281,281,
burnend,안드레숍,281,281,
burnend,았꼬,281,281,
burnend,앙따고미,281,281,
burnend,앙저,281,281,
burnend,언집,281,281,
burnend,엔베치루,281,281,
burnend,여성화검성,281,281,
burnend,염감자,281,281,
burnend,영찬이년,281,281,
burnend,영칠순,281,281,
burnend,오이렌1,281,281,
burnend,옥두빵,281,281,
burnend,온빛새벽,281,281,
burnend,옵이탕,281,281,
burnend,와카바무추미,281,281,
burnend,왕햄북,281,281,
burnend,요호렌렌,281,281,
burnend,유재렌,281,281,
burnend,육쳉,281,281,
burnend,윱븀,281,281,
burnend,의준e,281,281,
burnend,이게일리움잉,281,281,
burnend,이름값모함,281,281,
burnend,일노셋,281,281,
burnend,자인텀,281,281,
burnend,잔디도구,281,281,
burnend,장동우,281,281,
burnend,재요아,281,281,
burnend,재혀니일리움,281,281,
burnend,쟨먕,281,281,
burnend,적동,281,281,
burnend,적묘수,281,281,
burnend,전섭급배메,281,281,
burnend,전형욱,281,281,
burnend,절고,281,281,
burnend,정고니,281,281,
burnend,정맨,281,281,
burnend,정썬,281,281,
burnend,제로슬타민,281,281,
burnend,존못주녕이,281,281,
burnend,종로사는정표,281,281,
burnend,종읓,281,281,
burnend,주시리움,281,281,
burnend,즈므요정,281,281,
burnend,즐겜유저라영,281,281,
burnend,지귤렌,281,281,
burnend,지성빠렌,281,281,
burnend,진짜몽소다,281,281,
burnend,질풍v렌,281,281,
burnend,짠쫄면,281,281,
burnend,째아,281,281,
burnend,쨍그랑보마,281,281,
burnend,쩔츠,281,281,
burnend,쩡씬찝쭝,281,281,
burnend,쪼꼬꼬몽,281,281,
burnend,찌인,281,281,
burnend,찢을렌,281,281,
burnend,차기근,281,281,
burnend,참치요거김밥,281,281,
burnend,채찍S성향,281,281,
burnend,처본렌,281,281,
burnend,청렴한이단자,281,281,
burnend,청설캐,281,281,
burnend,초여름푸딩,281,281,
burnend,초코막대사탕,281,281,
burnend,최한송아크,281,281,
burnend,쵸코렘,281,281,
burnend,춘재논,281,281,
burnend,춤안추고렌,281,281,
burnend,츄라덴,281,281,
burnend,츠바키,281,281,
burnend,치코쿠마,281,281,
burnend,카야나비,281,281,
burnend,캐슬정연,281,281,
burnend,컨티안쓴은월,281,281,
burnend,코스펙에이비,281,281,
burnend,쿠학학,281,281,
burnend,쿨거래,281,281,
burnend,크키카코,281,281,
burnend,클로버정이,281,281,
burnend,클홰,281,281,
burnend,키태s,281,281,
burnend,킨린e,281,281,
burnend,킨에힛스,281,281,
burnend,타코네,281,281,
burnend,타키타키룸바,281,281,
burnend,태양손,281,281,
burnend,터팥,281,281,
burnend,토끼Lei,281,281,
burnend,토끼감자링,281,281,
burnend,토델과친구들,281,281,
burnend,토뱅뱅,281,281,
burnend,톡쏴요,281,281,
burnend,튐논,281,281,
burnend,특급주령레제,281,281,
burnend,파란항정살,281,281,
burnend,파손주의폰,281,281,
burnend,팔태후,281,281,
burnend,팬텀of존잘,281,281,
burnend,퍼지도,281,281,
burnend,펑커형,281,281,
burnend,표광우,281,281,
burnend,표창마이,281,281,
burnend,플펀썬콜,281,281,
burnend,핑핑i,281,281,
burnend,하고로,281,281,
burnend,하고싶은렌,281,281,
burnend,하모니트,281,281,
burnend,한능력,281,281,
burnend,항마력딸피,281,281,
burnend,햇비원,281,281,
burnend,헨울,281,281,
burnend,혁련정,281,281,
burnend,혜애,281,281,
burnend,호수맛붕어빵,281,281,
burnend,화산파시아렌,281,281,
burnend,화살농이,281,281,
burnend,황명짱,281,281,
burnend,훈콩마,281,281,
burnend,희눈떠꽉초이,281,281,
burnend,흽렌,281,281,
burnend,힛해성,281,281,
